review_order,instance_id,failure_model,question_id,report_id,primary_category,review_note,question,gold_count,candidate_count,first_gold_rank,gold_ranks_json,missing_gold_ids_at_5,retrieved_gold_ids_at_5,gold_evidence,top_5_results,original_gold_annotations_json,program,executable_answer,peer_first_gold_ranks_json
1,frozen_bge::IP/2006/page_31.pdf-2,Frozen BGE,IP/2006/page_31.pdf-2,IP/2006/page_31.pdf,incomplete multi-fact retrieval,Retrieved containerboard sales at rank 2 but placed the report-level sales denominator at rank 8; hard-label BGE retrieved both in the top five.,what percentage of 2005 industrial packaging sales are containerboard sales?,2,39,2,"{""post-text-1"":2,""table-row-1"":8}",table-row-1,post-text-1,"table-row-1 [table]: sales | 2006: $ 4925 | 2005: $ 4625 | 2004: $ 4545 || post-text-1 [post_text]: containerboard net sales for 2006 were $ 955 million , compared with $ 895 million in 2005 and $ 950 million for 2004 .","1. pre-text-17 [pre_text]: industrial packaging in millions 2006 2005 2004 . || 2. post-text-1 [post_text] [GOLD]: containerboard net sales for 2006 were $ 955 million , compared with $ 895 million in 2005 and $ 950 million for 2004 . || 3. pre-text-12 [pre_text]: industrial packaging net sales for 2006 increased 6% ( 6 % ) compared with 2005 and 8% ( 8 % ) compared with 2004 . || 4. post-text-15 [post_text]: international paper distribution lim- ited , our asian box and containerboard business , had net sales for 2006 of $ 182 million . || 5. pre-text-10 [pre_text]: industrial packaging demand for industrial packaging products is closely correlated with non-durable industrial goods pro- duction in the united states , as well as with demand for processed foods , poultry , meat and agricultural products .","{""table_1"":""in millions the sales of 2006 is $ 4925 ; the sales of 2005 is $ 4625 ; the sales of 2004 is $ 4545 ;"",""text_19"":""containerboard net sales for 2006 were $ 955 million , compared with $ 895 million in 2005 and $ 950 million for 2004 .""}","divide(895, 4625)",0.19351,"{""Distilled BGE"":1,""Frozen BGE"":2,""Hard-label BGE"":1,""Qwen teacher"":1}"
2,frozen_bge::PPG/2008/page_52.pdf-1,Frozen BGE,PPG/2008/page_52.pdf-1,PPG/2008/page_52.pdf,ambiguous annotation,The missed table row repeats the $99 year-end balance already present in the rank-1 gold prose; duplicate evidence annotations cause the failure.,"without the impact of settlements , what would the december 31 2008 amount of unrecognized tax benefits have been , in $ millions?",3,41,1,"{""post-text-0"":1,""table-row-7"":5,""table-row-9"":9}",table-row-9,post-text-0|table-row-7,"table-row-9 [table]: balance at december 31 | 2008: $ 99 | 2007: $ 110 || post-text-0 [post_text]: balance at december 31 $ 99 $ 110 the amount of unrecognized tax benefits was $ 99 million and $ 110 million as of december 31 , 2008 and 2007 , respectively . || table-row-7 [table]: settlements | 2008: -21 ( 21 ) | 2007: -1 ( 1 )","1. post-text-0 [post_text] [GOLD]: balance at december 31 $ 99 $ 110 the amount of unrecognized tax benefits was $ 99 million and $ 110 million as of december 31 , 2008 and 2007 , respectively . || 2. pre-text-0 [pre_text]: notes to the consolidated financial statements the activity in the accrued liability for unrecognized tax benefits for the two years ended december 31 , 2008 was as follows : ( millions ) 2008 2007 . || 3. table-row-5 [table]: pre-acquisition unrecognized tax benefits | 2008: 20 | 2007: 2014 || 4. post-text-3 [post_text]: the company had accrued $ 10 million and $ 9 million for estimated interest and penalties on unrecognized tax benefits as of december 31 , 2008 and 2007 , respectively . || 5. table-row-7 [table] [GOLD]: settlements | 2008: -21 ( 21 ) | 2007: -1 ( 1 )","{""table_7"":""( millions ) the settlements of 2008 is -21 ( 21 ) ; the settlements of 2007 is -1 ( 1 ) ;"",""table_9"":""( millions ) the balance at december 31 of 2008 is $ 99 ; the balance at december 31 of 2007 is $ 110 ;"",""text_1"":""balance at december 31 $ 99 $ 110 the amount of unrecognized tax benefits was $ 99 million and $ 110 million as of december 31 , 2008 and 2007 , respectively .""}","add(21, 99)",120,"{""Distilled BGE"":1,""Frozen BGE"":1,""Hard-label BGE"":1,""Qwen teacher"":2}"
3,frozen_bge::CMCSA/2008/page_36.pdf-1,Frozen BGE,CMCSA/2008/page_36.pdf-1,CMCSA/2008/page_36.pdf,incomplete multi-fact retrieval,Retrieved scalable infrastructure at rank 1 but placed the total capital-expenditure denominator at rank 8.,scalable infrastructure represents what percent of capital expenditures incurred the cable segment during 2007?,2,35,1,"{""table-row-2"":1,""table-row-7"":8}",table-row-7,table-row-2,table-row-2 [table]: scalable infrastructure ( b ) | 2008: 1024 | 2007: 1014 | 2006: 906 || table-row-7 [table]: total | 2008: $ 5545 | 2007: $ 5993 | 2006: $ 4244,1. table-row-2 [table] [GOLD]: scalable infrastructure ( b ) | 2008: 1024 | 2007: 1014 | 2006: 906 || 2. pre-text-13 [pre_text]: the table below summarizes the capital expenditures we incurred in our cable segment from 2006 through 2008. . || 3. pre-text-11 [pre_text]: capital expenditures our most significant recurring investing activity has been capital expenditures in our cable segment and we expect that this will con- tinue in the future . || 4. pre-text-12 [pre_text]: a significant portion of our capital expenditures is based on the level of customer growth and the technology being deployed . || 5. table-row-4 [table]: support capital ( d ) | 2008: 522 | 2007: 792 | 2006: 435,"{""table_2"":""year ended december 31 ( in millions ) the scalable infrastructure ( b ) of 2008 is 1024 ; the scalable infrastructure ( b ) of 2007 is 1014 ; the scalable infrastructure ( b ) of 2006 is 906 ;"",""table_7"":""year ended december 31 ( in millions ) the total of 2008 is $ 5545 ; the total of 2007 is $ 5993 ; the total of 2006 is $ 4244 ;""}","divide(1014, 5993)",0.1692,"{""Distilled BGE"":1,""Frozen BGE"":1,""Hard-label BGE"":1,""Qwen teacher"":2}"
4,frozen_bge::AMT/2003/page_102.pdf-4,Frozen BGE,AMT/2003/page_102.pdf-4,AMT/2003/page_102.pdf,wrong financial metric,Focused on the nominal 6.25% note terms and redemption price; the $4.8 million accrued-interest fact needed for the derived rate was rank 13.,what was the interest rate on the redeemed 6.25 notes in 2004,2,29,1,"{""pre-text-6"":1,""pre-text-8"":13}",pre-text-8,pre-text-6,"pre-text-6 [pre_text]: 6.25% ( 6.25 % ) notes redemption 2014in february 2004 , the company completed the redemption of all of its outstanding $ 212.7 million principal amount of 6.25% ( 6.25 % ) notes . || pre-text-8 [pre_text]: the total aggregate redemption price was $ 221.9 million , including $ 4.8 million in accrued interest .","1. pre-text-6 [pre_text] [GOLD]: 6.25% ( 6.25 % ) notes redemption 2014in february 2004 , the company completed the redemption of all of its outstanding $ 212.7 million principal amount of 6.25% ( 6.25 % ) notes . || 2. pre-text-7 [pre_text]: the 6.25% ( 6.25 % ) notes were redeemed pursuant to the terms of the indenture at 102.083% ( 102.083 % ) of the principal amount plus unpaid and accrued interest . || 3. table-row-0 [table]: 2004 | $ 73684 || 4. pre-text-10 [pre_text]: other debt repurchases 2014from january 1 , 2004 to march 11 , 2004 , the company repurchased $ 36.2 million principal amount of its 5.0% ( 5.0 % ) notes for approximately $ 36.1 million in cash and made a $ 21.0 million voluntary prepayment of term loan a under its credit facilities . || 5. table-row-7 [table]: accreted value of original issue discount of the ati 12.25% ( 12.25 % ) notes | $ 73684: -339601 ( 339601 )","{""text_6"":""6.25% ( 6.25 % ) notes redemption 2014in february 2004 , the company completed the redemption of all of its outstanding $ 212.7 million principal amount of 6.25% ( 6.25 % ) notes ."",""text_8"":""the total aggregate redemption price was $ 221.9 million , including $ 4.8 million in accrued interest .""}","divide(4.8, 212.7)",0.02257,"{""Distilled BGE"":1,""Frozen BGE"":1,""Hard-label BGE"":1,""Qwen teacher"":2}"
5,frozen_bge::BKR/2017/page_56.pdf-3,Frozen BGE,BKR/2017/page_56.pdf-3,BKR/2017/page_56.pdf,incomplete multi-fact retrieval,Retrieved investing and financing rows at ranks 3-4 but operating cash flow required for the three-part net change was rank 7.,what is the net change in cash during 2015?,3,31,3,"{""table-row-1"":7,""table-row-2"":3,""table-row-3"":4}",table-row-1,table-row-2|table-row-3,table-row-1 [table]: operating activities | 2017: $ -799 ( 799 ) | 2016: $ 262 | 2015: $ 1277 || table-row-2 [table]: investing activities | 2017: -4130 ( 4130 ) | 2016: -472 ( 472 ) | 2015: -466 ( 466 ) || table-row-3 [table]: financing activities | 2017: 10919 | 2016: -102 ( 102 ) | 2015: -515 ( 515 ),"1. pre-text-22 [pre_text]: during the year ended december 31 , 2017 , we used cash to fund a variety of activities including certain working capital needs and restructuring costs , capital expenditures , business acquisitions , the payment of dividends and share repurchases . || 2. pre-text-1 [pre_text]: at december 31 , 2017 , we had cash and equivalents of $ 7.0 billion compared to $ 981 million of cash and equivalents at december 31 , 2016 . || 3. table-row-2 [table] [GOLD]: investing activities | 2017: -4130 ( 4130 ) | 2016: -472 ( 472 ) | 2015: -466 ( 466 ) || 4. table-row-3 [table] [GOLD]: financing activities | 2017: 10919 | 2016: -102 ( 102 ) | 2015: -515 ( 515 ) || 5. pre-text-24 [pre_text]: cash flows cash flows provided by ( used in ) each type of activity were as follows for the years ended december 31: .","{""table_1"":""( in millions ) the operating activities of 2017 is $ -799 ( 799 ) ; the operating activities of 2016 is $ 262 ; the operating activities of 2015 is $ 1277 ;"",""table_2"":""( in millions ) the investing activities of 2017 is -4130 ( 4130 ) ; the investing activities of 2016 is -472 ( 472 ) ; the investing activities of 2015 is -466 ( 466 ) ;"",""table_3"":""( in millions ) the financing activities of 2017 is 10919 ; the financing activities of 2016 is -102 ( 102 ) ; the financing activities of 2015 is -515 ( 515 ) ;""}","add(1277, -466), add(#0, -515)",296,"{""Distilled BGE"":5,""Frozen BGE"":3,""Hard-label BGE"":2,""Qwen teacher"":1}"
6,frozen_bge::IPG/2008/page_72.pdf-4,Frozen BGE,IPG/2008/page_72.pdf-4,IPG/2008/page_72.pdf,ambiguous annotation,Rank-1 gold prose already states both the $148.8 million total and $131.8 million impacted amount; the missed table total duplicates $148.8 million.,what percentage of balance of unrecognized tax benefits at the end of 2008 would impact the effective tax rate if recognized?,2,30,1,"{""post-text-0"":1,""table-row-7"":7}",table-row-7,post-text-0,"table-row-7 [table]: balance at end of period | 2008: $ 148.8 | 2007: $ 134.8 || post-text-0 [post_text]: included in the total amount of unrecognized tax benefits of $ 148.8 as of december 31 , 2008 , is $ 131.8 of tax benefits that , if recognized , would impact the effective tax rate and $ 17.1 of tax benefits that , if recognized , would result in adjustments to other tax accounts , primarily deferred taxes .","1. post-text-0 [post_text] [GOLD]: included in the total amount of unrecognized tax benefits of $ 148.8 as of december 31 , 2008 , is $ 131.8 of tax benefits that , if recognized , would impact the effective tax rate and $ 17.1 of tax benefits that , if recognized , would result in adjustments to other tax accounts , primarily deferred taxes . || 2. post-text-6 [post_text]: tax authorities , we currently anticipate that the total unrecognized tax benefits will decrease by an amount between $ 45.0 and $ 55.0 in the next twelve months , a portion of which will affect the effective tax rate , primarily as a result of the settlement of tax examinations and the lapsing of statutes of limitation . || 3. table-row-2 [table]: increases as a result of tax positions taken during a prior year | 2008: 22.8 | 2007: 7.9 || 4. table-row-6 [table]: increases as a result of tax positions taken during the current year | 2008: 18.7 | 2007: 19.7 || 5. table-row-3 [table]: decreases as a result of tax positions taken during a prior year | 2008: -21.3 ( 21.3 ) | 2007: -156.3 ( 156.3 )","{""table_7"":""the balance at end of period of 2008 is $ 148.8 ; the balance at end of period of 2007 is $ 134.8 ;"",""text_4"":""included in the total amount of unrecognized tax benefits of $ 148.8 as of december 31 , 2008 , is $ 131.8 of tax benefits that , if recognized , would impact the effective tax rate and $ 17.1 of tax benefits that , if recognized , would result in adjustments to other tax accounts , primarily deferred taxes .""}","divide(131.8, 148.8)",0.88575,"{""Distilled BGE"":1,""Frozen BGE"":1,""Hard-label BGE"":1,""Qwen teacher"":1}"
7,frozen_bge::AES/2001/page_85.pdf-3,Frozen BGE,AES/2001/page_85.pdf-3,AES/2001/page_85.pdf,missed table evidence,Ranked the debt-maturity table introduction first but placed both the 'thereafter' and 'total' rows at ranks 15 and 13.,what percentage of scheduled maturities of total debt are due after 5 years?,2,32,13,"{""table-row-5"":15,""table-row-6"":13}",table-row-5|table-row-6,,table-row-5 [table]: thereafter | $ 2672: 12806 || table-row-6 [table]: total | $ 2672: $ 22258,"1. pre-text-14 [pre_text]: future maturities of debt 2014scheduled maturities of total debt at december 31 , 2001 , are ( in millions ) : . || 2. pre-text-1 [pre_text]: loans under the facility bear interest at either prime plus a spread of 0.50% ( 0.50 % ) or libor plus a spread of 2% ( 2 % ) . || 3. table-row-3 [table]: 2005 | $ 2672: 1819 || 4. pre-text-9 [pre_text]: on the first remarketing date ( june 15 , 2003 ) or subsequent remarketing dates thereafter , the remarketing agent , or the company , may elect to redeem the roars at 100% ( 100 % ) of the aggregate principal amount and unpaid interest , plus a premium in certain circumstances . || 5. pre-text-6 [pre_text]: the company 2019s recourse debt borrowings are unsecured obligations of the company .","{""table_5"":""2002 the thereafter of $ 2672 is 12806 ;"",""table_6"":""2002 the total of $ 2672 is $ 22258 ;""}","divide(12806, 22258)",0.57534,"{""Distilled BGE"":7,""Frozen BGE"":13,""Hard-label BGE"":1,""Qwen teacher"":6}"
8,frozen_bge::RSG/2012/page_93.pdf-1,Frozen BGE,RSG/2012/page_93.pdf-1,RSG/2012/page_93.pdf,wrong financial metric,Ranked the accounts-written-off row and allowance prose ahead of the beginning and ending allowance balance rows at ranks 9 and 11.,what was the change in the allowance for doubtful accounts in 2012,2,27,9,"{""table-row-1"":9,""table-row-4"":11}",table-row-1|table-row-4,,table-row-1 [table]: balance at beginning of year | 2012: $ 48.1 | 2011: $ 50.9 | 2010: $ 55.2 || table-row-4 [table]: balance at end of year | 2012: $ 45.3 | 2011: $ 48.1 | 2010: $ 50.9,"1. pre-text-15 [pre_text]: past due receivable balances are written-off when our collection efforts have been unsuccessful in collecting amounts the following table reflects the activity in our allowance for doubtful accounts for the years ended december 31 , 2012 , 2011 and 2010: . || 2. table-row-3 [table]: accounts written-off | 2012: -32.5 ( 32.5 ) | 2011: -23.8 ( 23.8 ) | 2010: -27.9 ( 27.9 ) || 3. pre-text-9 [pre_text]: accounts receivable , net of allowance for doubtful accounts accounts receivable represent receivables from customers for collection , transfer , recycling , disposal and other services . || 4. pre-text-7 [pre_text]: we establish an allowance for doubtful accounts based on various factors including the credit risk of specific customers , age of receivables outstanding , historical trends , economic conditions and other information . || 5. pre-text-11 [pre_text]: the carrying value of our receivables , net of the allowance for doubtful accounts , represents their estimated net realizable value .","{""table_1"":""the balance at beginning of year of 2012 is $ 48.1 ; the balance at beginning of year of 2011 is $ 50.9 ; the balance at beginning of year of 2010 is $ 55.2 ;"",""table_4"":""the balance at end of year of 2012 is $ 45.3 ; the balance at end of year of 2011 is $ 48.1 ; the balance at end of year of 2010 is $ 50.9 ;""}","subtract(45.3, 48.1)",-2.8,"{""Distilled BGE"":4,""Frozen BGE"":9,""Hard-label BGE"":1,""Qwen teacher"":3}"
9,frozen_bge::PPG/2008/page_52.pdf-2,Frozen BGE,PPG/2008/page_52.pdf-2,PPG/2008/page_52.pdf,missed prose evidence,Retrieved the $99 million total at rank 1 but placed the prose containing the $89 million effective-rate amount at rank 10.,"as of december 31 , 2008 , what percentage of unrecognized tax benefits would not impact the effective if recognized?",2,41,1,"{""post-text-0"":1,""post-text-1"":10}",post-text-1,post-text-0,"post-text-0 [post_text]: balance at december 31 $ 99 $ 110 the amount of unrecognized tax benefits was $ 99 million and $ 110 million as of december 31 , 2008 and 2007 , respectively . || post-text-1 [post_text]: if recognized , $ 89 million and $ 88 million would impact the effective rate as of december 31 , 2008 and 2007 , respectively .","1. post-text-0 [post_text] [GOLD]: balance at december 31 $ 99 $ 110 the amount of unrecognized tax benefits was $ 99 million and $ 110 million as of december 31 , 2008 and 2007 , respectively . || 2. table-row-5 [table]: pre-acquisition unrecognized tax benefits | 2008: 20 | 2007: 2014 || 3. pre-text-0 [pre_text]: notes to the consolidated financial statements the activity in the accrued liability for unrecognized tax benefits for the two years ended december 31 , 2008 was as follows : ( millions ) 2008 2007 . || 4. table-row-4 [table]: reductions for tax positions of prior years | 2008: -17 ( 17 ) | 2007: -5 ( 5 ) || 5. post-text-2 [post_text]: the company recognizes accrued interest and penalties related to unrecognized tax benefits in income tax expense .","{""text_1"":""balance at december 31 $ 99 $ 110 the amount of unrecognized tax benefits was $ 99 million and $ 110 million as of december 31 , 2008 and 2007 , respectively ."",""text_2"":""if recognized , $ 89 million and $ 88 million would impact the effective rate as of december 31 , 2008 and 2007 , respectively .""}","divide(89, 99), subtract(const_1, #0)",0.10101,"{""Distilled BGE"":1,""Frozen BGE"":1,""Hard-label BGE"":1,""Qwen teacher"":1}"
10,frozen_bge::CMCSA/2008/page_36.pdf-3,Frozen BGE,CMCSA/2008/page_36.pdf-3,CMCSA/2008/page_36.pdf,incomplete multi-fact retrieval,Retrieved the customer-premises row at rank 3 but placed the total capital-expenditures row at rank 10.,what was the percent of the capital expenditures we incurred in our cable segment in 2006 for the customer premise equipment,2,35,3,"{""table-row-1"":3,""table-row-7"":10}",table-row-7,table-row-1,table-row-1 [table]: customer premises equipment ( a ) | 2008: $ 3147 | 2007: $ 3164 | 2006: $ 2321 || table-row-7 [table]: total | 2008: $ 5545 | 2007: $ 5993 | 2006: $ 4244,1. pre-text-13 [pre_text]: the table below summarizes the capital expenditures we incurred in our cable segment from 2006 through 2008. . || 2. pre-text-11 [pre_text]: capital expenditures our most significant recurring investing activity has been capital expenditures in our cable segment and we expect that this will con- tinue in the future . || 3. table-row-1 [table] [GOLD]: customer premises equipment ( a ) | 2008: $ 3147 | 2007: $ 3164 | 2006: $ 2321 || 4. pre-text-12 [pre_text]: a significant portion of our capital expenditures is based on the level of customer growth and the technology being deployed . || 5. table-row-4 [table]: support capital ( d ) | 2008: 522 | 2007: 792 | 2006: 435,"{""table_1"":""year ended december 31 ( in millions ) the customer premises equipment ( a ) of 2008 is $ 3147 ; the customer premises equipment ( a ) of 2007 is $ 3164 ; the customer premises equipment ( a ) of 2006 is $ 2321 ;"",""table_7"":""year ended december 31 ( in millions ) the total of 2008 is $ 5545 ; the total of 2007 is $ 5993 ; the total of 2006 is $ 4244 ;""}","divide(3147, 5545)",0.56754,"{""Distilled BGE"":2,""Frozen BGE"":3,""Hard-label BGE"":1,""Qwen teacher"":2}"
11,frozen_bge::WRK/2018/page_107.pdf-4,Frozen BGE,WRK/2018/page_107.pdf-4,WRK/2018/page_107.pdf,ambiguous annotation,All numeric evidence was in the top five; the only missed gold item was a generic table-introduction sentence at rank 9.,what percent would the balance by the end of 2018 increase if the unrecognized tax benefits were included?,3,35,1,"{""post-text-5"":1,""pre-text-0"":9,""table-row-9"":5}",pre-text-0,post-text-5|table-row-9,"pre-text-0 [pre_text]: westrock company notes to consolidated financial statements fffd ( continued ) a reconciliation of the beginning and ending amount of gross unrecognized tax benefits is as follows ( in millions ) : . || post-text-5 [post_text]: of these balances , as of september 30 , 2018 and 2017 , if we were to prevail on all unrecognized tax benefits recorded , approximately $ 108.7 million and $ 138.0 million , respectively , would benefit the effective tax rate . || table-row-9 [table]: balance at end of fiscal year | 2018: $ 127.1 | 2017: $ 148.9 | 2016: $ 166.8","1. post-text-5 [post_text] [GOLD]: of these balances , as of september 30 , 2018 and 2017 , if we were to prevail on all unrecognized tax benefits recorded , approximately $ 108.7 million and $ 138.0 million , respectively , would benefit the effective tax rate . || 2. post-text-4 [post_text]: as of september 30 , 2018 and 2017 , the total amount of unrecognized tax benefits was approximately $ 127.1 million and $ 148.9 million , respectively , exclusive of interest and penalties . || 3. post-text-11 [post_text]: as of september 30 , 2018 , it is reasonably possible that our unrecognized tax benefits will decrease by up to $ 5.5 million in the next twelve months due to expiration of various statues of limitations and settlement of issues . || 4. post-text-10 [post_text]: our results of operations for the fiscal year ended september 30 , 2018 , 2017 and 2016 include expense of $ 5.8 million , $ 7.4 million and $ 2.9 million , respectively , net of indirect benefits , related to estimated interest and penalties with respect to the liability for unrecognized tax benefits . || 5. table-row-9 [table] [GOLD]: balance at end of fiscal year | 2018: $ 127.1 | 2017: $ 148.9 | 2016: $ 166.8","{""table_9"":""the balance at end of fiscal year of 2018 is $ 127.1 ; the balance at end of fiscal year of 2017 is $ 148.9 ; the balance at end of fiscal year of 2016 is $ 166.8 ;"",""text_0"":""westrock company notes to consolidated financial statements fffd ( continued ) a reconciliation of the beginning and ending amount of gross unrecognized tax benefits is as follows ( in millions ) : ."",""text_6"":""of these balances , as of september 30 , 2018 and 2017 , if we were to prevail on all unrecognized tax benefits recorded , approximately $ 108.7 million and $ 138.0 million , respectively , would benefit the effective tax rate .""}","add(108.7, 138.0), add(#0, 127.1), subtract(#1, 127.1), divide(#2, 127.1)",1.94099,"{""Distilled BGE"":2,""Frozen BGE"":1,""Hard-label BGE"":1,""Qwen teacher"":1}"
12,frozen_bge::STT/2006/page_95.pdf-3,Frozen BGE,STT/2006/page_95.pdf-3,STT/2006/page_95.pdf,ambiguous annotation,The second gold annotation discusses CDO consolidation and is unrelated to the minimum-pension-liability calculation; all four models miss it.,what percent did minimum pension liability increase between 2004 and 2006?,2,35,1,"{""pre-text-8"":32,""table-row-4"":1}",pre-text-8,table-row-4,"table-row-4 [table]: minimum pension liability | 2006: -186 ( 186 ) | 2005: -26 ( 26 ) | 2004: -26 ( 26 ) || pre-text-8 [pre_text]: we are not the primary beneficiary of these cdos , as defined by fin 46 ( r ) , and do not record these cdos in our consolidated financial statements .",1. table-row-4 [table] [GOLD]: minimum pension liability | 2006: -186 ( 186 ) | 2005: -26 ( 26 ) | 2004: -26 ( 26 ) || 2. table-row-6 [table]: total | 2006: $ -224 ( 224 ) | 2005: $ -231 ( 231 ) | 2004: $ 92 || 3. table-row-0 [table]: ( in millions ) | 2006 | 2005 | 2004 || 4. table-row-5 [table]: unrealized loss on cash flow hedges | 2006: -1 ( 1 ) | 2005: -4 ( 4 ) | 2004: -13 ( 13 ) || 5. table-row-2 [table]: unrealized gain ( loss ) on hedges of net investments in non-u.s . subsidiaries | 2006: -7 ( 7 ) | 2005: 11 | 2004: -26 ( 26 ),"{""table_4"":""( in millions ) the minimum pension liability of 2006 is -186 ( 186 ) ; the minimum pension liability of 2005 is -26 ( 26 ) ; the minimum pension liability of 2004 is -26 ( 26 ) ;"",""text_8"":""we are not the primary beneficiary of these cdos , as defined by fin 46 ( r ) , and do not record these cdos in our consolidated financial statements .""}","subtract(186, 26), divide(#0, 26)",6.15385,"{""Distilled BGE"":1,""Frozen BGE"":1,""Hard-label BGE"":1,""Qwen teacher"":1}"
13,frozen_bge::RSG/2018/page_94.pdf-2,Frozen BGE,RSG/2018/page_94.pdf-2,RSG/2018/page_94.pdf,ambiguous annotation,The second gold annotation concerns accounts receivable and is unrelated to the restricted-cash ratio; all four models miss it.,as of december 312018 what was the percent of restricted cash and marketable securities dedicated to the support our insurance programs,2,27,1,"{""post-text-0"":1,""pre-text-8"":25}",pre-text-8,post-text-0,"pre-text-8 [pre_text]: accounts receivable , net accounts receivable represent receivables from customers for collection , transfer , recycling , disposal , energy services and other services . || post-text-0 [post_text]: restricted cash and marketable securities as of december 31 , 2018 , we had $ 108.1 million of restricted cash and marketable securities of which $ 78.6 million supports our insurance programs for workers 2019 compensation , commercial general liability , and commercial auto liability .","1. post-text-0 [post_text] [GOLD]: restricted cash and marketable securities as of december 31 , 2018 , we had $ 108.1 million of restricted cash and marketable securities of which $ 78.6 million supports our insurance programs for workers 2019 compensation , commercial general liability , and commercial auto liability . || 2. post-text-3 [post_text]: as the use of these funds is contractually restricted , and we do not have the ability to use these funds for general operating purposes , they are classified as restricted cash and marketable securities in our consolidated balance sheets . || 3. post-text-5 [post_text]: at several of our landfills , we satisfy financial assurance requirements by depositing cash into restricted trust funds or escrow accounts. . || 4. table-row-4 [table]: balance at end of year | 2018: $ 34.3 | 2017: $ 38.9 | 2016: $ 44.0 || 5. table-row-1 [table]: balance at beginning of year | 2018: $ 38.9 | 2017: $ 44.0 | 2016: $ 46.7","{""text_16"":""restricted cash and marketable securities as of december 31 , 2018 , we had $ 108.1 million of restricted cash and marketable securities of which $ 78.6 million supports our insurance programs for workers 2019 compensation , commercial general liability , and commercial auto liability ."",""text_8"":""accounts receivable , net accounts receivable represent receivables from customers for collection , transfer , recycling , disposal , energy services and other services .""}","divide(78.6, 108.1)",0.7271,"{""Distilled BGE"":1,""Frozen BGE"":1,""Hard-label BGE"":1,""Qwen teacher"":1}"
14,frozen_bge::BKR/2017/page_56.pdf-1,Frozen BGE,BKR/2017/page_56.pdf-1,BKR/2017/page_56.pdf,ambiguous annotation,"The question says operating cash flow, but the program uses financing cash flow of 10,919; the required annotations mix operating and financing rows.",what is the cash from operating activities in 2017 as a percentage of cash and equivalents in 2017?,3,31,1,"{""pre-text-1"":2,""table-row-1"":1,""table-row-3"":7}",table-row-3,table-row-1|pre-text-1,"table-row-1 [table]: operating activities | 2017: $ -799 ( 799 ) | 2016: $ 262 | 2015: $ 1277 || pre-text-1 [pre_text]: at december 31 , 2017 , we had cash and equivalents of $ 7.0 billion compared to $ 981 million of cash and equivalents at december 31 , 2016 . || table-row-3 [table]: financing activities | 2017: 10919 | 2016: -102 ( 102 ) | 2015: -515 ( 515 )","1. table-row-1 [table] [GOLD]: operating activities | 2017: $ -799 ( 799 ) | 2016: $ 262 | 2015: $ 1277 || 2. pre-text-1 [pre_text] [GOLD]: at december 31 , 2017 , we had cash and equivalents of $ 7.0 billion compared to $ 981 million of cash and equivalents at december 31 , 2016 . || 3. pre-text-22 [pre_text]: during the year ended december 31 , 2017 , we used cash to fund a variety of activities including certain working capital needs and restructuring costs , capital expenditures , business acquisitions , the payment of dividends and share repurchases . || 4. pre-text-2 [pre_text]: cash and equivalents includes $ 997 million of cash held on behalf of ge at december 31 , 2017 . || 5. post-text-0 [post_text]: operating activities our largest source of operating cash is payments from customers , of which the largest component is collecting cash related to product or services sales including advance payments or progress collections for work to be performed .","{""table_1"":""( in millions ) the operating activities of 2017 is $ -799 ( 799 ) ; the operating activities of 2016 is $ 262 ; the operating activities of 2015 is $ 1277 ;"",""table_3"":""( in millions ) the financing activities of 2017 is 10919 ; the financing activities of 2016 is -102 ( 102 ) ; the financing activities of 2015 is -515 ( 515 ) ;"",""text_1"":""at december 31 , 2017 , we had cash and equivalents of $ 7.0 billion compared to $ 981 million of cash and equivalents at december 31 , 2016 .""}","multiply(const_7, const_1000), divide(10919, #0)",1.55986,"{""Distilled BGE"":1,""Frozen BGE"":1,""Hard-label BGE"":1,""Qwen teacher"":1}"
15,frozen_bge::STT/2009/page_25.pdf-2,Frozen BGE,STT/2009/page_25.pdf-2,STT/2009/page_25.pdf,ambiguous annotation,The numeric table row alone supplies 31 and 24; the missed constant-$1 NAV sentence is not needed for the calculation.,what was the percent change in the aggregate net asset values of the collateral pools underlying ssga lending funds between 2008 and 2009?,2,15,1,"{""pre-text-7"":10,""table-row-2"":1}",pre-text-7,table-row-2,"table-row-2 [table]: collateral pools underlying ssga lending funds | december 31 2009: 24 | december 31 2008: 31 | december 31 2007 ( 1 ): 44 || pre-text-7 [pre_text]: these unregistered cash collateral pools seek , but are not required , to maintain , and transact purchases and redemptions at , a constant net asset value of $ 1.00 per unit .","1. table-row-2 [table] [GOLD]: collateral pools underlying ssga lending funds | december 31 2009: 24 | december 31 2008: 31 | december 31 2007 ( 1 ): 44 || 2. pre-text-9 [pre_text]: the following table shows the aggregate net asset values of the unregistered direct lending collateral pools and the aggregate net asset value of the unregistered collateral pools underlying the ssga lending funds , in each case based on a constant net asset value of $ 1.00 per ( in billions ) december 31 , 2009 december 31 , 2008 december 31 , 2007 ( 1 ) . || 3. post-text-0 [post_text]: ( 1 ) certain of the ssga lending funds were participants in the direct lending collateral pools until october 2008 . || 4. table-row-1 [table]: direct lending collateral pools | december 31 2009: $ 85 | december 31 2008: $ 85 | december 31 2007 ( 1 ): $ 150 || 5. pre-text-8 [pre_text]: our securities lending operations consist of two components ; a direct lending program for third-party investment managers and asset owners , the collateral pools for which we refer to as direct lending collateral pools ; and investment funds with a broad range of investment objectives that are managed by ssga and engage in securities lending , which we refer to as ssga lending funds .","{""table_2"":""( in billions ) the collateral pools underlying ssga lending funds of december 31 2009 is 24 ; the collateral pools underlying ssga lending funds of december 31 2008 is 31 ; the collateral pools underlying ssga lending funds of december 31 2007 ( 1 ) is 44 ;"",""text_7"":""these unregistered cash collateral pools seek , but are not required , to maintain , and transact purchases and redemptions at , a constant net asset value of $ 1.00 per unit .""}","subtract(31, 24), divide(#0, 24)",0.29167,"{""Distilled BGE"":2,""Frozen BGE"":1,""Hard-label BGE"":1,""Qwen teacher"":2}"
16,frozen_bge::CMCSA/2015/page_67.pdf-1,Frozen BGE,CMCSA/2015/page_67.pdf-1,CMCSA/2015/page_67.pdf,ambiguous annotation,Gold includes the 'other equipment' row although the program uses only cable distribution and total; this makes complete recall unnecessarily fail.,what was the percentage cable distribution systems capital expenditures of the capital expenditures incurred in cable communications segment capital expenditures in 2015?,3,26,2,"{""table-row-1"":2,""table-row-3"":15,""table-row-5"":7}",table-row-3|table-row-5,table-row-1,table-row-1 [table]: cable distribution system | 2015: $ 2424 | 2014: $ 2047 | 2013: $ 1819 || table-row-3 [table]: other equipment | 2015: 756 | 2014: 613 | 2013: 527 || table-row-5 [table]: total | 2015: $ 7034 | 2014: $ 6154 | 2013: $ 5403,"1. pre-text-10 [pre_text]: the table below summarizes the capital expenditures we incurred in our cable communications segment in 2015 , 2014 and 2013. . || 2. table-row-1 [table] [GOLD]: cable distribution system | 2015: $ 2424 | 2014: $ 2047 | 2013: $ 1819 || 3. post-text-0 [post_text]: cable communications capital expenditures increased in 2015 and 2014 primarily due to increased spending on customer premise equipment related to our x1 platform and wireless gateways , our continued investment in network infrastructure to increase network capacity , increased investment in support capital as we expand our cloud-based initiatives , and our continued investment to expand business services . || 4. pre-text-9 [pre_text]: capital expenditures our most significant recurring investing activity has been capital expenditures in our cable communications segment , and we expect that this will continue in the future . || 5. post-text-1 [post_text]: capital expenditures in our nbcuniversal segments increased 13.5% ( 13.5 % ) to $ 1.4 billion in 2015 and 5.3% ( 5.3 % ) to $ 1.2 billion in 2014 primarily due to continued investment in our universal theme parks , including a purchase of land in 2015 .","{""table_1"":""year ended december 31 ( in millions ) the cable distribution system of 2015 is $ 2424 ; the cable distribution system of 2014 is $ 2047 ; the cable distribution system of 2013 is $ 1819 ;"",""table_3"":""year ended december 31 ( in millions ) the other equipment of 2015 is 756 ; the other equipment of 2014 is 613 ; the other equipment of 2013 is 527 ;"",""table_5"":""year ended december 31 ( in millions ) the total of 2015 is $ 7034 ; the total of 2014 is $ 6154 ; the total of 2013 is $ 5403 ;""}","divide(2424, 7034)",0.34461,"{""Distilled BGE"":3,""Frozen BGE"":2,""Hard-label BGE"":1,""Qwen teacher"":3}"
17,frozen_bge::V/2008/page_180.pdf-3,Frozen BGE,V/2008/page_180.pdf-3,V/2008/page_180.pdf,incomplete multi-fact retrieval,"The three required year rows span ranks 4, 6, and 7; the top-five cutoff retained only 2009.",what amount is expected to be paid for support incentives in the next three years?,3,25,4,"{""table-row-1"":4,""table-row-2"":6,""table-row-3"":7}",table-row-2|table-row-3,table-row-1,table-row-1 [table]: 2009 | volume and support incentives: $ 1088 || table-row-2 [table]: 2010 | volume and support incentives: 1105 || table-row-3 [table]: 2011 | volume and support incentives: 945,"1. table-row-6 [table]: thereafter | volume and support incentives: 3 || 2. pre-text-7 [pre_text]: excluding anticipated revenue to be earned from higher payments and transaction volumes in connection with these agreements , the company 2019s potential exposure under agreements with and without limits to incentive payments , is estimated as follows at september 30 , 2008 : fiscal ( in millions ) volume and support incentives . || 3. table-row-7 [table]: total | volume and support incentives: $ 4944 || 4. table-row-1 [table] [GOLD]: 2009 | volume and support incentives: $ 1088 || 5. table-row-5 [table]: 2013 | volume and support incentives: 1005","{""table_1"":""fiscal ( in millions ) the 2009 of volume and support incentives is $ 1088 ;"",""table_2"":""fiscal ( in millions ) the 2010 of volume and support incentives is 1105 ;"",""table_3"":""fiscal ( in millions ) the 2011 of volume and support incentives is 945 ;""}","add(1088, 1105), add(#0, 945)",3138,"{""Distilled BGE"":3,""Frozen BGE"":4,""Hard-label BGE"":2,""Qwen teacher"":2}"
18,frozen_bge::MKTX/2004/page_99.pdf-4,Frozen BGE,MKTX/2004/page_99.pdf-4,MKTX/2004/page_99.pdf,ambiguous annotation,A rank-1 non-gold sentence states both share counts exactly; the missed gold promissory-note sentence duplicates those values.,"in 2001 , the company awarded how many total shares to employees?",2,25,4,"{""pre-text-15"":6,""pre-text-19"":4}",pre-text-15,pre-text-19,"pre-text-15 [pre_text]: the common stock subscribed was issued in 2001 in exchange for three-year promissory notes ( 64001 shares ) and eleven-year promissory notes ( 289581 shares ) , which bear interest at the applicable federal rate and are collateralized by the subscribed shares . || pre-text-19 [pre_text]: the eleven-year promissory notes ( 289581 shares ) were entered into in connection with the loans of approximately $ 1042 made to the company 2019s chief executive officer in 2001 .","1. pre-text-14 [pre_text]: included in these amounts , in 2001 , the company awarded 64001 shares and 289581 shares to employees at $ .003 and $ 3.60 , respectively , per share . || 2. pre-text-13 [pre_text]: in 2004 and 2003 , the company had 1939734 shares and 1937141 shares , respectively , of common stock that were issued to employees . || 3. pre-text-7 [pre_text]: as of december 31 , 2004 , the company had 110000000 authorized shares of common stock and 10000000 authorized shares of non-voting common stock . || 4. pre-text-19 [pre_text] [GOLD]: the eleven-year promissory notes ( 289581 shares ) were entered into in connection with the loans of approximately $ 1042 made to the company 2019s chief executive officer in 2001 . || 5. pre-text-8 [pre_text]: as of december 31 , 2003 , the company had 120000000 authorized shares of common stock and 450060 authorized shares of non-voting common stock .","{""text_15"":""the common stock subscribed was issued in 2001 in exchange for three-year promissory notes ( 64001 shares ) and eleven-year promissory notes ( 289581 shares ) , which bear interest at the applicable federal rate and are collateralized by the subscribed shares ."",""text_19"":""the eleven-year promissory notes ( 289581 shares ) were entered into in connection with the loans of approximately $ 1042 made to the company 2019s chief executive officer in 2001 .""}","add(64001, 289581)",353582,"{""Distilled BGE"":3,""Frozen BGE"":4,""Hard-label BGE"":3,""Qwen teacher"":3}"
19,frozen_bge::AMT/2012/page_118.pdf-3,Frozen BGE,AMT/2012/page_118.pdf-3,AMT/2012/page_118.pdf,wrong financial metric,"Ranked other purchase-allocation categories ahead of property and equipment ($83.539 million, rank 10) and final purchase price ($585.3 million, rank 18).","hard assets were what percent of the brazilian purchase price , as finally determined?",3,27,4,"{""pre-text-1"":18,""table-row-2"":4,""table-row-3"":10}",pre-text-1|table-row-3,table-row-2,"table-row-2 [table]: non-current assets | final purchase price allocation ( 1 ): 71529 | preliminary purchase price allocation ( 2 ): 98047 || pre-text-1 [pre_text]: during the year ended december 31 , 2012 , the purchase price was reduced to $ 585.3 million after certain post- closing purchase price adjustments . || table-row-3 [table]: property and equipment | final purchase price allocation ( 1 ): 83539 | preliminary purchase price allocation ( 2 ): 86062","1. table-row-1 [table]: current assets ( 3 ) | final purchase price allocation ( 1 ): $ 9922 | preliminary purchase price allocation ( 2 ): $ 9922 || 2. table-row-4 [table]: intangible assets ( 4 ) | final purchase price allocation ( 1 ): 368000 | preliminary purchase price allocation ( 2 ): 288000 || 3. pre-text-0 [pre_text]: american tower corporation and subsidiaries notes to consolidated financial statements brazil acquisition 2014on march 1 , 2011 , the company acquired 100% ( 100 % ) of the outstanding shares of a company that owned 627 communications sites in brazil for $ 553.2 million , which was subsequently increased to $ 585.4 million as a result of acquiring 39 additional communications sites during the year ended december 31 , 2011 . || 4. table-row-2 [table] [GOLD]: non-current assets | final purchase price allocation ( 1 ): 71529 | preliminary purchase price allocation ( 2 ): 98047 || 5. table-row-7 [table]: fair value of net assets acquired | final purchase price allocation ( 1 ): $ 488935 | preliminary purchase price allocation ( 2 ): $ 437976","{""table_2"":""the non-current assets of final purchase price allocation ( 1 ) is 71529 ; the non-current assets of preliminary purchase price allocation ( 2 ) is 98047 ;"",""table_3"":""the property and equipment of final purchase price allocation ( 1 ) is 83539 ; the property and equipment of preliminary purchase price allocation ( 2 ) is 86062 ;"",""text_1"":""during the year ended december 31 , 2012 , the purchase price was reduced to $ 585.3 million after certain post- closing purchase price adjustments .""}","divide(83539, const_1000), divide(#0, 585.3)",0.14273,"{""Distilled BGE"":6,""Frozen BGE"":4,""Hard-label BGE"":2,""Qwen teacher"":1}"
20,frozen_bge::FBHS/2017/page_83.pdf-2,Frozen BGE,FBHS/2017/page_83.pdf-2,FBHS/2017/page_83.pdf,ambiguous annotation,The missed sentence about director fee payment choices is unrelated to the weighted-average fair-value change.,what was the percentage change in the weighted average fair value on the date of the award of the common stock,2,29,1,"{""post-text-4"":21,""post-text-6"":1}",post-text-4,post-text-6,"post-text-4 [post_text]: in addition , outside directors can elect to have director fees paid in stock or can elect to defer payment of stock . || post-text-6 [post_text]: in 2017 , 2016 and 2015 , we awarded 15311 , 16471 and 19695 shares of company common stock to outside directors with a weighted average fair value on the date of the award of $ 63.43 , $ 57.37 and $ 46.21 , respectively .","1. post-text-6 [post_text] [GOLD]: in 2017 , 2016 and 2015 , we awarded 15311 , 16471 and 19695 shares of company common stock to outside directors with a weighted average fair value on the date of the award of $ 63.43 , $ 57.37 and $ 46.21 , respectively . || 2. table-row-3 [table]: vested | number of performance share awards: -95183 ( 95183 ) | weighted-averagegrant-datefair value: 45.13 || 3. post-text-5 [post_text]: compensation cost is expensed at the time of an award based on the fair value of a share at the date of the award . || 4. table-row-0 [table]: | number of performance share awards | weighted-averagegrant-datefair value || 5. pre-text-4 [pre_text]: the fair value of each performance share award is based on the average of the high and low stock price on the date of grant .","{""text_11"":""in addition , outside directors can elect to have director fees paid in stock or can elect to defer payment of stock ."",""text_13"":""in 2017 , 2016 and 2015 , we awarded 15311 , 16471 and 19695 shares of company common stock to outside directors with a weighted average fair value on the date of the award of $ 63.43 , $ 57.37 and $ 46.21 , respectively .""}","subtract(63.43, 57.37), divide(#0, 57.37)",0.10563,"{""Distilled BGE"":1,""Frozen BGE"":1,""Hard-label BGE"":1,""Qwen teacher"":1}"
21,hard_label_bge::MO/2014/page_62.pdf-1,Hard-label BGE,MO/2014/page_62.pdf-1,MO/2014/page_62.pdf,ambiguous annotation,The table row at rank 1 already contains all three EPS values; the missed post-text at rank 8 serializes the same table.,what is the percent change in earnings for basic and diluted eps from 2013 to 2014?,3,19,1,"{""post-text-1"":8,""pre-text-8"":2,""table-row-3"":1}",post-text-1,table-row-3|pre-text-8,"table-row-3 [table]: earnings for basic and diluted eps | for the years ended december 31 , 2014: $ 5058 | for the years ended december 31 , 2013: $ 4523 | for the years ended december 31 , 2012: $ 4167 || pre-text-8 [pre_text]: earnings per share basic and diluted earnings per share ( 201ceps 201d ) were calculated using the following: . || post-text-1 [post_text]: $ 5070 $ 4535 $ 4180 less : distributed and undistributed earnings attributable to unvested restricted and deferred shares ( 12 ) ( 12 ) ( 13 ) earnings for basic and diluted eps $ 5058 $ 4523 $ 4167 weighted-average shares for basic and diluted eps 1978 1999 2024 since february 29 , 2012 , there have been no stock options outstanding .","1. table-row-3 [table] [GOLD]: earnings for basic and diluted eps | for the years ended december 31 , 2014: $ 5058 | for the years ended december 31 , 2013: $ 4523 | for the years ended december 31 , 2012: $ 4167 || 2. pre-text-8 [pre_text] [GOLD]: earnings per share basic and diluted earnings per share ( 201ceps 201d ) were calculated using the following: . || 3. table-row-4 [table]: weighted-average shares for basic and diluted eps | for the years ended december 31 , 2014: 1978 | for the years ended december 31 , 2013: 1999 | for the years ended december 31 , 2012: 2024 || 4. table-row-1 [table]: net earnings attributable to altria group inc . | for the years ended december 31 , 2014: $ 5070 | for the years ended december 31 , 2013: $ 4535 | for the years ended december 31 , 2012: $ 4180 || 5. table-row-2 [table]: less : distributed and undistributed earnings attributable to unvested restricted and deferred shares | for the years ended december 31 , 2014: -12 ( 12 ) | for the years ended december 31 , 2013: -12 ( 12 ) | for the years ended december 31 , 2012: -13 ( 13 )","{""table_3"":""( in millions ) the earnings for basic and diluted eps of for the years ended december 31 , 2014 is $ 5058 ; the earnings for basic and diluted eps of for the years ended december 31 , 2013 is $ 4523 ; the earnings for basic and diluted eps of for the years ended december 31 , 2012 is $ 4167 ;"",""text_10"":""$ 5070 $ 4535 $ 4180 less : distributed and undistributed earnings attributable to unvested restricted and deferred shares ( 12 ) ( 12 ) ( 13 ) earnings for basic and diluted eps $ 5058 $ 4523 $ 4167 weighted-average shares for basic and diluted eps 1978 1999 2024 since february 29 , 2012 , there have been no stock options outstanding ."",""text_8"":""earnings per share basic and diluted earnings per share ( 201ceps 201d ) were calculated using the following: .""}","subtract(5058, 4523), divide(#0, 4523)",0.11828,"{""Distilled BGE"":1,""Frozen BGE"":1,""Hard-label BGE"":1,""Qwen teacher"":1}"
22,hard_label_bge::AAL/2010/page_72.pdf-3,Hard-label BGE,AAL/2010/page_72.pdf-3,AAL/2010/page_72.pdf,wrong year,"Placed 2012, 2013, and 2015 payment rows ahead of 2011, the next-12-month row, which landed at rank 6.",what is the total amount expected to be paid for pensions and retiree medical and other in the next 12 months?,1,26,6,"{""table-row-1"":6}",table-row-1,,table-row-1 [table]: 2011 | pension: 574 | retiree medical and other: 173,"1. table-row-2 [table]: 2012 | pension: 602 | retiree medical and other: 170 || 2. table-row-6 [table]: 2016 2014 2020 | pension: 4959 | retiree medical and other: 989 || 3. table-row-3 [table]: 2013 | pension: 665 | retiree medical and other: 169 || 4. pre-text-3 [pre_text]: the following benefit payments , which reflect expected future service as appropriate , are expected to be paid : retiree medical pension and other . || 5. table-row-5 [table]: 2015 | pension: 785 | retiree medical and other: 173","{""table_1"":""the 2011 of pension is 574 ; the 2011 of retiree medical and other is 173 ;""}","add(574, 173)",747,"{""Distilled BGE"":5,""Frozen BGE"":8,""Hard-label BGE"":6,""Qwen teacher"":6}"
23,hard_label_bge::AWK/2013/page_122.pdf-4,Hard-label BGE,AWK/2013/page_122.pdf-4,AWK/2013/page_122.pdf,incomplete multi-fact retrieval,Retrieved the increase component at rank 4 but placed the decrease component at rank 8; the ending balance was an attractive distractor at rank 1.,what was the net tax positions for 2012,2,23,4,"{""table-row-1"":4,""table-row-2"":8}",table-row-2,table-row-1,table-row-1 [table]: increases in current period tax positions | $ 158578: 40620 || table-row-2 [table]: decreases in prior period measurement of tax positions | $ 158578: -18205 ( 18205 ),1. table-row-3 [table]: balance at december 31 2012 | $ 158578: $ 180993 || 2. table-row-0 [table]: balance at january 1 2012 | $ 158578 || 3. table-row-6 [table]: balance at december 31 2013 | $ 158578: $ 177947 || 4. table-row-1 [table] [GOLD]: increases in current period tax positions | $ 158578: 40620 || 5. table-row-4 [table]: increases in current period tax positions | $ 158578: 27229,"{""table_1"":""balance at january 1 2012 the increases in current period tax positions of $ 158578 is 40620 ;"",""table_2"":""balance at january 1 2012 the decreases in prior period measurement of tax positions of $ 158578 is -18205 ( 18205 ) ;""}","add(40620, -18205)",22415,"{""Distilled BGE"":1,""Frozen BGE"":4,""Hard-label BGE"":4,""Qwen teacher"":3}"
24,hard_label_bge::MKTX/2012/page_42.pdf-1,Hard-label BGE,MKTX/2012/page_42.pdf-1,MKTX/2012/page_42.pdf,wrong year,"Ranked January-March 2011 first instead of October-December 2011 at rank 7, confusing the comparison period.",by how much did the high of mktx stock increase from 2011 to march 2012?,2,23,2,"{""table-row-1"":2,""table-row-9"":7}",table-row-9,table-row-1,table-row-1 [table]: january 1 2012 to march 31 2012 | high: $ 37.79 | low: $ 29.26 || table-row-9 [table]: october 1 2011 to december 31 2011 | high: $ 31.16 | low: $ 24.57,1. table-row-6 [table]: january 1 2011 to march 31 2011 | high: $ 24.19 | low: $ 19.78 || 2. table-row-1 [table] [GOLD]: january 1 2012 to march 31 2012 | high: $ 37.79 | low: $ 29.26 || 3. table-row-7 [table]: april 1 2011 to june 30 2011 | high: $ 25.22 | low: $ 21.00 || 4. table-row-2 [table]: april 1 2012 to june 30 2012 | high: $ 37.65 | low: $ 26.22 || 5. table-row-3 [table]: july 1 2012 to september 30 2012 | high: $ 34.00 | low: $ 26.88,"{""table_1"":""2012 : the january 1 2012 to march 31 2012 of high is $ 37.79 ; the january 1 2012 to march 31 2012 of low is $ 29.26 ;"",""table_9"":""2012 : the october 1 2011 to december 31 2011 of high is $ 31.16 ; the october 1 2011 to december 31 2011 of low is $ 24.57 ;""}","subtract(37.79, 31.16), divide(#0, 31.16)",0.21277,"{""Distilled BGE"":2,""Frozen BGE"":1,""Hard-label BGE"":2,""Qwen teacher"":1}"
25,hard_label_bge::GIS/2017/page_31.pdf-3,Hard-label BGE,GIS/2017/page_31.pdf-3,GIS/2017/page_31.pdf,wrong financial metric,Ranked contractual and long-term obligations ahead of the prose containing the two off-balance-sheet guarantees.,"what are the total off-balance sheet obligations , ( in millions ) ?",1,38,7,"{""pre-text-2"":7}",pre-text-2,,"pre-text-2 [pre_text]: off-balance sheet arrangements and contractual obligations as of may 28 , 2017 , we have issued guarantees and comfort letters of $ 505 million for the debt and other obligations of consolidated subsidiaries , and guarantees and comfort letters of $ 165 million for the debt and other obligations of non-consolidated affiliates , mainly cpw .","1. table-row-8 [table]: total long-term obligations | payments due by fiscal year total: $ 13440.0 | payments due by fiscal year 2018: $ 3112.0 | payments due by fiscal year 2019 -20: $ 3437.5 | payments due by fiscal year 2021 -22: $ 1934.1 | payments due by fiscal year 2023 and thereafter: $ 3583.7 || 2. table-row-6 [table]: total contractual obligations | payments due by fiscal year total: 12067.3 | payments due by fiscal year 2018: 3112.0 | payments due by fiscal year 2019 -20: 3437.5 | payments due by fiscal year 2021 -22: 1934.1 | payments due by fiscal year 2023 and thereafter: 3583.7 || 3. table-row-1 [table]: long-term debt ( a ) | payments due by fiscal year total: $ 8290.6 | payments due by fiscal year 2018: 604.2 | payments due by fiscal year 2019 -20: 2647.7 | payments due by fiscal year 2021 -22: 1559.3 | payments due by fiscal year 2023 and thereafter: 3479.4 || 4. post-text-0 [post_text]: total contractual obligations 12067.3 3112.0 3437.5 1934.1 3583.7 other long-term obligations ( d ) 1372.7 2014 2014 2014 2014 total long-term obligations $ 13440.0 $ 3112.0 $ 3437.5 $ 1934.1 $ 3583.7 ( a ) amounts represent the expected cash payments of our long-term debt and do not include $ 1.2 million for capital leases or $ 44.4 million for net unamortized debt issuance costs , premiums and discounts , and fair value adjustments . || 5. table-row-5 [table]: purchase obligations ( c ) | payments due by fiscal year total: 3191.0 | payments due by fiscal year 2018: 2304.8 | payments due by fiscal year 2019 -20: 606.8 | payments due by fiscal year 2021 -22: 264.3 | payments due by fiscal year 2023 and thereafter: 15.1","{""text_2"":""off-balance sheet arrangements and contractual obligations as of may 28 , 2017 , we have issued guarantees and comfort letters of $ 505 million for the debt and other obligations of consolidated subsidiaries , and guarantees and comfort letters of $ 165 million for the debt and other obligations of non-consolidated affiliates , mainly cpw .""}","add(505, 165)",670,"{""Distilled BGE"":2,""Frozen BGE"":3,""Hard-label BGE"":7,""Qwen teacher"":1}"
26,hard_label_bge::MKTX/2012/page_42.pdf-3,Hard-label BGE,MKTX/2012/page_42.pdf-3,MKTX/2012/page_42.pdf,wrong year,"Placed several earlier 2011 quarters above October-December 2011 at rank 7, despite the comparison ending at March 2012.",by how much did the low of mktx stock increase from 2011 to march 2012?,2,23,2,"{""table-row-1"":2,""table-row-9"":7}",table-row-9,table-row-1,table-row-1 [table]: january 1 2012 to march 31 2012 | high: $ 37.79 | low: $ 29.26 || table-row-9 [table]: october 1 2011 to december 31 2011 | high: $ 31.16 | low: $ 24.57,1. table-row-6 [table]: january 1 2011 to march 31 2011 | high: $ 24.19 | low: $ 19.78 || 2. table-row-1 [table] [GOLD]: january 1 2012 to march 31 2012 | high: $ 37.79 | low: $ 29.26 || 3. table-row-7 [table]: april 1 2011 to june 30 2011 | high: $ 25.22 | low: $ 21.00 || 4. table-row-2 [table]: april 1 2012 to june 30 2012 | high: $ 37.65 | low: $ 26.22 || 5. table-row-8 [table]: july 1 2011 to september 30 2011 | high: $ 30.75 | low: $ 23.41,"{""table_1"":""2012 : the january 1 2012 to march 31 2012 of high is $ 37.79 ; the january 1 2012 to march 31 2012 of low is $ 29.26 ;"",""table_9"":""2012 : the october 1 2011 to december 31 2011 of high is $ 31.16 ; the october 1 2011 to december 31 2011 of low is $ 24.57 ;""}","subtract(29.26, 24.57), divide(#0, 24.57)",0.19088,"{""Distilled BGE"":2,""Frozen BGE"":1,""Hard-label BGE"":2,""Qwen teacher"":1}"
27,hard_label_bge::UNP/2018/page_74.pdf-3,Hard-label BGE,UNP/2018/page_74.pdf-3,UNP/2018/page_74.pdf,ambiguous annotation,Rows containing the 2021 payment and total minimum payments were ranks 1-2; the missed present-value row is not used by the program.,what percent of total minimum capital leases payments are due in 2021?,3,38,1,"{""table-row-3"":1,""table-row-7"":2,""table-row-9"":7}",table-row-9,table-row-3|table-row-7,table-row-3 [table]: 2021 | operatingleases: 303 | capitalleases: 159 || table-row-9 [table]: present value of minimum lease payments | operatingleases: n/a | capitalleases: $ 754 || table-row-7 [table]: total minimum lease payments | operatingleases: $ 2646 | capitalleases: $ 898,1. table-row-3 [table] [GOLD]: 2021 | operatingleases: 303 | capitalleases: 159 || 2. table-row-7 [table] [GOLD]: total minimum lease payments | operatingleases: $ 2646 | capitalleases: $ 898 || 3. table-row-2 [table]: 2020 | operatingleases: 378 | capitalleases: 155 || 4. table-row-1 [table]: 2019 | operatingleases: $ 419 | capitalleases: $ 148 || 5. table-row-5 [table]: 2023 | operatingleases: 234 | capitalleases: 94,"{""table_3"":""millions the 2021 of operatingleases is 303 ; the 2021 of capitalleases is 159 ;"",""table_7"":""millions the total minimum lease payments of operatingleases is $ 2646 ; the total minimum lease payments of capitalleases is $ 898 ;"",""table_9"":""millions the present value of minimum lease payments of operatingleases is n/a ; the present value of minimum lease payments of capitalleases is $ 754 ;""}","divide(159, 898)",0.17706,"{""Distilled BGE"":1,""Frozen BGE"":2,""Hard-label BGE"":1,""Qwen teacher"":2}"
28,hard_label_bge::IP/2006/page_38.pdf-3,Hard-label BGE,IP/2006/page_38.pdf-3,IP/2006/page_38.pdf,ambiguous annotation,"The question refers to total debt and lease obligations, but the program divides $23 million by purchase obligations of $2,329 million; the mapping is internally inconsistent.",what was the percentage of total debt associated with lease obligations related to discontinued operations and businesses held for sale due in 2007,2,28,2,"{""post-text-1"":2,""table-row-3"":6}",table-row-3,post-text-1,table-row-3 [table]: purchase obligations ( cd ) | 2007: 2329 | 2008: 462 | 2009: 362 | 2010: 352 | 2011: 323 | thereafter: 1794 || post-text-1 [post_text]: ( b ) included in these amounts are $ 76 million of lease obligations related to discontinued operations and businesses held for sale that are due as follows : 2007 - $ 23 million ; 2008 - $ 19 million ; 2009 - $ 15 million ; 2010 - $ 7 million ; 2011 - $ 5 million ; and thereafter - $ 7 million .,1. table-row-1 [table]: total debt ( a ) | 2007: $ 692 | 2008: $ 129 | 2009: $ 1143 | 2010: $ 1198 | 2011: $ 381 | thereafter: $ 3680 || 2. post-text-1 [post_text] [GOLD]: ( b ) included in these amounts are $ 76 million of lease obligations related to discontinued operations and businesses held for sale that are due as follows : 2007 - $ 23 million ; 2008 - $ 19 million ; 2009 - $ 15 million ; 2010 - $ 7 million ; 2011 - $ 5 million ; and thereafter - $ 7 million . || 3. table-row-4 [table]: total | 2007: $ 3165 | 2008: $ 708 | 2009: $ 1599 | 2010: $ 1624 | 2011: $ 764 | thereafter: $ 5584 || 4. post-text-2 [post_text]: ( c ) included in these amounts are $ 1.3 billion of purchase obliga- tions related to discontinued operations and businesses held for sale that are due as follows : 2007 - $ 335 million ; 2008 - $ 199 million ; 2009 - $ 157 million ; 2010 - $ 143 million ; 2011 - $ 141 million ; and thereafter - $ 331 million . || 5. table-row-2 [table]: lease obligations ( b ) | 2007: 144 | 2008: 117 | 2009: 94 | 2010: 74 | 2011: 60 | thereafter: 110,"{""table_3"":""in millions the purchase obligations ( cd ) of 2007 is 2329 ; the purchase obligations ( cd ) of 2008 is 462 ; the purchase obligations ( cd ) of 2009 is 362 ; the purchase obligations ( cd ) of 2010 is 352 ; the purchase obligations ( cd ) of 2011 is 323 ; the purchase obligations ( cd ) of thereafter is 1794 ;"",""text_18"":""( b ) included in these amounts are $ 76 million of lease obligations related to discontinued operations and businesses held for sale that are due as follows : 2007 - $ 23 million ; 2008 - $ 19 million ; 2009 - $ 15 million ; 2010 - $ 7 million ; 2011 - $ 5 million ; and thereafter - $ 7 million .""}","divide(23, 2329)",0.00988,"{""Distilled BGE"":1,""Frozen BGE"":1,""Hard-label BGE"":2,""Qwen teacher"":1}"
29,hard_label_bge::HWM/2015/page_173.pdf-2,Hard-label BGE,HWM/2015/page_173.pdf-2,HWM/2015/page_173.pdf,wrong financial metric,Retrieved settlements at rank 1 but not the prior-year tax-position reductions used implicitly in both denominators at rank 17.,what was the increase in the settlements with tax authorities as a percent of the tax liabilities observed during 2013 and 2014?,2,33,1,"{""table-row-4"":17,""table-row-5"":1}",table-row-4,table-row-5,table-row-4 [table]: reductions for tax positions of prior years | 2015: -2 ( 2 ) | 2014: -4 ( 4 ) | 2013: -2 ( 2 ) || table-row-5 [table]: settlements with tax authorities | 2015: -2 ( 2 ) | 2014: -29 ( 29 ) | 2013: -8 ( 8 ),"1. table-row-5 [table] [GOLD]: settlements with tax authorities | 2015: -2 ( 2 ) | 2014: -29 ( 29 ) | 2013: -8 ( 8 ) || 2. table-row-8 [table]: balance at end of year | 2015: $ 43 | 2014: $ 35 | 2013: $ 63 || 3. table-row-1 [table]: balance at beginning of year | 2015: $ 35 | 2014: $ 63 | 2013: $ 66 || 4. table-row-2 [table]: additions for tax positions of the current year | 2015: 2 | 2014: 2 | 2013: 2 || 5. post-text-5 [post_text]: due to the expiration of the statute of limitations , settlements with tax authorities , and refunded overpayments , alcoa also recognized interest income of $ 2 , $ 5 , and $ 12 in 2015 , 2014 , and 2013 , respectively .","{""table_4"":""december 31 , the reductions for tax positions of prior years of 2015 is -2 ( 2 ) ; the reductions for tax positions of prior years of 2014 is -4 ( 4 ) ; the reductions for tax positions of prior years of 2013 is -2 ( 2 ) ;"",""table_5"":""december 31 , the settlements with tax authorities of 2015 is -2 ( 2 ) ; the settlements with tax authorities of 2014 is -29 ( 29 ) ; the settlements with tax authorities of 2013 is -8 ( 8 ) ;""}","add(29, 4), add(8, 2), divide(29, #0), divide(8, #1), subtract(#2, #3)",0.07879,"{""Distilled BGE"":1,""Frozen BGE"":1,""Hard-label BGE"":1,""Qwen teacher"":1}"
30,hard_label_bge::PNC/2012/page_65.pdf-5,Hard-label BGE,PNC/2012/page_65.pdf-5,PNC/2012/page_65.pdf,ambiguous annotation,"The program for 'total assets' is arithmetically inconsistent: it computes 100/22 and then subtracts that from 60.6, so it cannot support the stated question.","how many total assets were there at year ended dec 31 , 2011 , in millions?",2,33,2,"{""post-text-4"":7,""post-text-7"":2}",post-text-4,post-text-7,"post-text-7 [post_text]: investment securities represented 20% ( 20 % ) of total assets at december 31 , 2012 and 22% ( 22 % ) at december 31 , 2011 . || post-text-4 [post_text]: comparably , at december 31 , 2011 , the carrying value of investment securities totaled $ 60.6 billion of which $ 48.6 billion represented securities available for sale carried at fair value and $ 12.0 billion of securities held to maturity carried at amortized cost .","1. post-text-25 [post_text]: comparable amounts at december 31 , 2011 were 2.6 years and 2.4 years , respectively . || 2. post-text-7 [post_text] [GOLD]: investment securities represented 20% ( 20 % ) of total assets at december 31 , 2012 and 22% ( 22 % ) at december 31 , 2011 . || 3. table-row-3 [table]: total securities | december 31 2012 amortized cost: $ 59801 | december 31 2012 fair value: $ 61912 | december 31 2012 amortized cost: $ 60675 | fair value: $ 61018 || 4. table-row-1 [table]: total securities available for sale ( a ) | december 31 2012 amortized cost: $ 49447 | december 31 2012 fair value: $ 51052 | december 31 2012 amortized cost: $ 48609 | fair value: $ 48568 || 5. table-row-2 [table]: total securities held to maturity | december 31 2012 amortized cost: 10354 | december 31 2012 fair value: 10860 | december 31 2012 amortized cost: 12066 | fair value: 12450","{""text_5"":""comparably , at december 31 , 2011 , the carrying value of investment securities totaled $ 60.6 billion of which $ 48.6 billion represented securities available for sale carried at fair value and $ 12.0 billion of securities held to maturity carried at amortized cost ."",""text_8"":""investment securities represented 20% ( 20 % ) of total assets at december 31 , 2012 and 22% ( 22 % ) at december 31 , 2011 .""}","divide(const_100, 22), subtract(60.6, #0)",56.05455,"{""Distilled BGE"":2,""Frozen BGE"":1,""Hard-label BGE"":2,""Qwen teacher"":1}"
31,hard_label_bge::IPG/2008/page_72.pdf-3,Hard-label BGE,IPG/2008/page_72.pdf-3,IPG/2008/page_72.pdf,ambiguous annotation,Both beginning and ending balance rows were ranks 1-2; the only missed gold item was generic table-introduction prose.,what is the percentage increase from beginning to end of 2008 in unrecognized tax benefits?,3,30,1,"{""pre-text-3"":7,""table-row-1"":1,""table-row-7"":2}",pre-text-3,table-row-1|table-row-7,"table-row-1 [table]: balance at beginning of period | 2008: $ 134.8 | 2007: $ 266.9 || table-row-7 [table]: balance at end of period | 2008: $ 148.8 | 2007: $ 134.8 || pre-text-3 [pre_text]: 48 , accounting for uncertainty in income taxes ( 201cfin 48 201d ) , the following table summarizes the activity related to our unrecognized tax benefits: .","1. table-row-1 [table] [GOLD]: balance at beginning of period | 2008: $ 134.8 | 2007: $ 266.9 || 2. table-row-7 [table] [GOLD]: balance at end of period | 2008: $ 148.8 | 2007: $ 134.8 || 3. post-text-0 [post_text]: included in the total amount of unrecognized tax benefits of $ 148.8 as of december 31 , 2008 , is $ 131.8 of tax benefits that , if recognized , would impact the effective tax rate and $ 17.1 of tax benefits that , if recognized , would result in adjustments to other tax accounts , primarily deferred taxes . || 4. post-text-6 [post_text]: tax authorities , we currently anticipate that the total unrecognized tax benefits will decrease by an amount between $ 45.0 and $ 55.0 in the next twelve months , a portion of which will affect the effective tax rate , primarily as a result of the settlement of tax examinations and the lapsing of statutes of limitation . || 5. table-row-6 [table]: increases as a result of tax positions taken during the current year | 2008: 18.7 | 2007: 19.7","{""table_1"":""the balance at beginning of period of 2008 is $ 134.8 ; the balance at beginning of period of 2007 is $ 266.9 ;"",""table_7"":""the balance at end of period of 2008 is $ 148.8 ; the balance at end of period of 2007 is $ 134.8 ;"",""text_3"":""48 , accounting for uncertainty in income taxes ( 201cfin 48 201d ) , the following table summarizes the activity related to our unrecognized tax benefits: .""}","subtract(148.8, 134.8), divide(#0, 134.8), multiply(#1, const_100)",10.38576,"{""Distilled BGE"":7,""Frozen BGE"":7,""Hard-label BGE"":1,""Qwen teacher"":4}"
32,hard_label_bge::ETR/2017/page_143.pdf-1,Hard-label BGE,ETR/2017/page_143.pdf-1,ETR/2017/page_143.pdf,incomplete multi-fact retrieval,"Five numeric year rows are required; the table introduction at rank 1 displaced 2022 to rank 6, leaving one fact outside the cutoff.","what was the sum of the annual long-term debt maturities outstanding as of december 31 , 2017 , for the next five years",5,22,2,"{""table-row-1"":2,""table-row-2"":4,""table-row-3"":3,""table-row-4"":5,""table-row-5"":6}",table-row-5,table-row-1|table-row-2|table-row-3|table-row-4,table-row-1 [table]: 2018 | amount ( in thousands ): $ 760000 || table-row-2 [table]: 2019 | amount ( in thousands ): $ 857679 || table-row-3 [table]: 2020 | amount ( in thousands ): $ 898500 || table-row-4 [table]: 2021 | amount ( in thousands ): $ 960764 || table-row-5 [table]: 2022 | amount ( in thousands ): $ 1304431,"1. pre-text-5 [pre_text]: the annual long-term debt maturities ( excluding lease obligations and long-term doe obligations ) for debt outstanding as of december a031 , 2017 , for the next five years are as follows : amount ( in thousands ) . || 2. table-row-1 [table] [GOLD]: 2018 | amount ( in thousands ): $ 760000 || 3. table-row-3 [table] [GOLD]: 2020 | amount ( in thousands ): $ 898500 || 4. table-row-2 [table] [GOLD]: 2019 | amount ( in thousands ): $ 857679 || 5. table-row-4 [table] [GOLD]: 2021 | amount ( in thousands ): $ 960764","{""table_1"":""the 2018 of amount ( in thousands ) is $ 760000 ;"",""table_2"":""the 2019 of amount ( in thousands ) is $ 857679 ;"",""table_3"":""the 2020 of amount ( in thousands ) is $ 898500 ;"",""table_4"":""the 2021 of amount ( in thousands ) is $ 960764 ;"",""table_5"":""the 2022 of amount ( in thousands ) is $ 1304431 ;""}","add(760000, 857679), add(#0, 898500), add(#1, 960764), add(#2, 1304431)",4781374,"{""Distilled BGE"":3,""Frozen BGE"":2,""Hard-label BGE"":2,""Qwen teacher"":9}"
33,hard_label_bge::DRE/2008/page_46.pdf-2,Hard-label BGE,DRE/2008/page_46.pdf-2,DRE/2008/page_46.pdf,ambiguous annotation,Two gold prose annotations concern construction receivables and property sales and are unrelated to the EPS calculation.,what is the net income per common share in 2007?,4,27,2,"{""pre-text-3"":12,""pre-text-5"":26,""table-row-1"":2,""table-row-4"":3}",pre-text-3|pre-text-5,table-row-1|table-row-4,"table-row-1 [table]: basic net income available for common shareholders | 2008: $ 56616 | 2007: $ 217692 | 2006: $ 145095 || table-row-4 [table]: weighted average number of common shares outstanding | 2008: 146915 | 2007: 139255 | 2006: 134883 || pre-text-3 [pre_text]: unbilled receivables on construction contracts totaled $ 22.7 million and $ 33.1 million at december 31 , 2008 and 2007 , respectively . || pre-text-5 [pre_text]: the specific timing of the sale is measured against various criteria in sfas 66 related to the terms of the transactions and any continuing involvement in the form of management or financial assistance from the seller associated with the properties .",1. table-row-3 [table]: diluted net income available for common shareholders | 2008: $ 59584 | 2007: $ 232091 | 2006: $ 159333 || 2. table-row-1 [table] [GOLD]: basic net income available for common shareholders | 2008: $ 56616 | 2007: $ 217692 | 2006: $ 145095 || 3. table-row-4 [table] [GOLD]: weighted average number of common shares outstanding | 2008: 146915 | 2007: 139255 | 2006: 134883 || 4. table-row-7 [table]: weighted average number of common shares and potential dilutive securities | 2008: 155041 | 2007: 149614 | 2006: 149393 || 5. pre-text-12 [pre_text]: net income per common share basic net income per common share is computed by dividing net income available for common shareholders by the weighted average number of common shares outstanding for the period .,"{""table_1"":""the basic net income available for common shareholders of 2008 is $ 56616 ; the basic net income available for common shareholders of 2007 is $ 217692 ; the basic net income available for common shareholders of 2006 is $ 145095 ;"",""table_4"":""the weighted average number of common shares outstanding of 2008 is 146915 ; the weighted average number of common shares outstanding of 2007 is 139255 ; the weighted average number of common shares outstanding of 2006 is 134883 ;"",""text_3"":""unbilled receivables on construction contracts totaled $ 22.7 million and $ 33.1 million at december 31 , 2008 and 2007 , respectively ."",""text_5"":""the specific timing of the sale is measured against various criteria in sfas 66 related to the terms of the transactions and any continuing involvement in the form of management or financial assistance from the seller associated with the properties .""}","divide(217692, 139255)",1.56326,"{""Distilled BGE"":2,""Frozen BGE"":2,""Hard-label BGE"":2,""Qwen teacher"":1}"
34,hard_label_bge::CDW/2015/page_93.pdf-4,Hard-label BGE,CDW/2015/page_93.pdf-4,CDW/2015/page_93.pdf,ambiguous annotation,The numeric inputs were ranks 1 and 3; the missed item is only the generic reconciliation-table introduction.,"had all potential common shares been included along with the diluted weighted-average shares outstanding for the year ended dec 31 , 2015 , how many total diluted weighted-average shares would there have been?",3,30,1,"{""post-text-5"":3,""pre-text-9"":6,""table-row-3"":1}",pre-text-9,table-row-3|post-text-5,"table-row-3 [table]: diluted weighted-average shares outstanding ( 3 ) | years ended december 31 , 2015: 171.8 | years ended december 31 , 2014: 172.8 | years ended december 31 , 2013 ( 1 ): 158.7 || pre-text-9 [pre_text]: a reconciliation of basic weighted-average shares outstanding to diluted weighted-average shares outstanding is as follows: . || post-text-5 [post_text]: ( 3 ) there were 0.4 million potential common shares excluded from the diluted weighted-average shares outstanding for the year ended december 31 , 2015 , and there was an insignificant amount of potential common shares excluded from the diluted weighted-average shares outstanding for the years ended december 31 , 2014 and 2013 , as their inclusion would have had an anti-dilutive effect .","1. table-row-3 [table] [GOLD]: diluted weighted-average shares outstanding ( 3 ) | years ended december 31 , 2015: 171.8 | years ended december 31 , 2014: 172.8 | years ended december 31 , 2013 ( 1 ): 158.7 || 2. table-row-1 [table]: basic weighted-average shares outstanding | years ended december 31 , 2015: 170.3 | years ended december 31 , 2014: 170.6 | years ended december 31 , 2013 ( 1 ): 156.6 || 3. post-text-5 [post_text] [GOLD]: ( 3 ) there were 0.4 million potential common shares excluded from the diluted weighted-average shares outstanding for the year ended december 31 , 2015 , and there was an insignificant amount of potential common shares excluded from the diluted weighted-average shares outstanding for the years ended december 31 , 2014 and 2013 , as their inclusion would have had an anti-dilutive effect . || 4. post-text-11 [post_text]: for the years ended december 31 , 2015 , 2014 and 2013 , the amounts expensed for these plans were $ 19.8 million , $ 21.9 million and $ 17.3 million , respectively . || 5. post-text-1 [post_text]: as the common stock was issued on july 2 , 2013 and july 31 , 2013 , respectively , the shares are only partially reflected in the 2013 basic weighted-average shares outstanding .","{""table_3"":""( in millions ) the diluted weighted-average shares outstanding ( 3 ) of years ended december 31 , 2015 is 171.8 ; the diluted weighted-average shares outstanding ( 3 ) of years ended december 31 , 2014 is 172.8 ; the diluted weighted-average shares outstanding ( 3 ) of years ended december 31 , 2013 ( 1 ) is 158.7 ;"",""text_15"":""( 3 ) there were 0.4 million potential common shares excluded from the diluted weighted-average shares outstanding for the year ended december 31 , 2015 , and there was an insignificant amount of potential common shares excluded from the diluted weighted-average shares outstanding for the years ended december 31 , 2014 and 2013 , as their inclusion would have had an anti-dilutive effect ."",""text_9"":""a reconciliation of basic weighted-average shares outstanding to diluted weighted-average shares outstanding is as follows: .""}","add(171.8, 0.4)",172.2,"{""Distilled BGE"":1,""Frozen BGE"":1,""Hard-label BGE"":1,""Qwen teacher"":1}"
35,hard_label_bge::ETR/2011/page_17.pdf-2,Hard-label BGE,ETR/2011/page_17.pdf-2,ETR/2011/page_17.pdf,wrong financial metric,Ranked total net revenue and net wholesale revenue above two of the three favorable variance components.,what is the total amount of variance that favorably affected net revenue in 2011?,3,27,5,"{""table-row-5"":5,""table-row-6"":12,""table-row-7"":11}",table-row-6|table-row-7,table-row-5,table-row-5 [table]: volume/weather | amount ( in millions ): 13 || table-row-6 [table]: ano decommissioning trust | amount ( in millions ): 24 || table-row-7 [table]: retail electric price | amount ( in millions ): 49,1. table-row-9 [table]: 2011 net revenue | amount ( in millions ): $ 4904 || 2. table-row-1 [table]: 2010 net revenue | amount ( in millions ): $ 5051 || 3. table-row-4 [table]: net wholesale revenue | amount ( in millions ): -14 ( 14 ) || 4. pre-text-1 [pre_text]: amount ( in millions ) . || 5. table-row-5 [table] [GOLD]: volume/weather | amount ( in millions ): 13,"{""table_5"":""the volume/weather of amount ( in millions ) is 13 ;"",""table_6"":""the ano decommissioning trust of amount ( in millions ) is 24 ;"",""table_7"":""the retail electric price of amount ( in millions ) is 49 ;""}","add(13, 24), add(#0, 49)",86,"{""Distilled BGE"":12,""Frozen BGE"":14,""Hard-label BGE"":5,""Qwen teacher"":13}"
36,hard_label_bge::GPN/2008/page_78.pdf-2,Hard-label BGE,GPN/2008/page_78.pdf-2,GPN/2008/page_78.pdf,ambiguous annotation,Goodwill and net-assets rows were ranks 1-2; the missed customer-intangible amortization sentence is unrelated.,what percentage of net assets acquired was considered goodwill?,3,28,1,"{""post-text-0"":18,""table-row-1"":1,""table-row-9"":2}",post-text-0,table-row-1|table-row-9,table-row-1 [table]: goodwill | total: $ 13536 || table-row-9 [table]: net assets acquired | total: $ 16594 || post-text-0 [post_text]: the customer-related intangible assets have amortization periods of up to 14 years .,"1. table-row-1 [table] [GOLD]: goodwill | total: $ 13536 || 2. table-row-9 [table] [GOLD]: net assets acquired | total: $ 16594 || 3. table-row-6 [table]: total assets acquired | total: 19427 || 4. table-row-4 [table]: property and equipment | total: 267 || 5. pre-text-5 [pre_text]: during fiscal 2008 , we acquired a majority of the assets of euroenvios money transfer , s.a .","{""table_1"":""the goodwill of total is $ 13536 ;"",""table_9"":""the net assets acquired of total is $ 16594 ;"",""text_12"":""the customer-related intangible assets have amortization periods of up to 14 years .""}","divide(13536, 16594)",0.81572,"{""Distilled BGE"":1,""Frozen BGE"":1,""Hard-label BGE"":1,""Qwen teacher"":1}"
37,hard_label_bge::BKR/2017/page_56.pdf-1,Hard-label BGE,BKR/2017/page_56.pdf-1,BKR/2017/page_56.pdf,ambiguous annotation,"The question asks for operating activities but the program uses financing activities; annotations require both, creating an incoherent target.",what is the cash from operating activities in 2017 as a percentage of cash and equivalents in 2017?,3,31,1,"{""pre-text-1"":1,""table-row-1"":2,""table-row-3"":10}",table-row-3,table-row-1|pre-text-1,"table-row-1 [table]: operating activities | 2017: $ -799 ( 799 ) | 2016: $ 262 | 2015: $ 1277 || pre-text-1 [pre_text]: at december 31 , 2017 , we had cash and equivalents of $ 7.0 billion compared to $ 981 million of cash and equivalents at december 31 , 2016 . || table-row-3 [table]: financing activities | 2017: 10919 | 2016: -102 ( 102 ) | 2015: -515 ( 515 )","1. pre-text-1 [pre_text] [GOLD]: at december 31 , 2017 , we had cash and equivalents of $ 7.0 billion compared to $ 981 million of cash and equivalents at december 31 , 2016 . || 2. table-row-1 [table] [GOLD]: operating activities | 2017: $ -799 ( 799 ) | 2016: $ 262 | 2015: $ 1277 || 3. pre-text-24 [pre_text]: cash flows cash flows provided by ( used in ) each type of activity were as follows for the years ended december 31: . || 4. pre-text-2 [pre_text]: cash and equivalents includes $ 997 million of cash held on behalf of ge at december 31 , 2017 . || 5. post-text-0 [post_text]: operating activities our largest source of operating cash is payments from customers , of which the largest component is collecting cash related to product or services sales including advance payments or progress collections for work to be performed .","{""table_1"":""( in millions ) the operating activities of 2017 is $ -799 ( 799 ) ; the operating activities of 2016 is $ 262 ; the operating activities of 2015 is $ 1277 ;"",""table_3"":""( in millions ) the financing activities of 2017 is 10919 ; the financing activities of 2016 is -102 ( 102 ) ; the financing activities of 2015 is -515 ( 515 ) ;"",""text_1"":""at december 31 , 2017 , we had cash and equivalents of $ 7.0 billion compared to $ 981 million of cash and equivalents at december 31 , 2016 .""}","multiply(const_7, const_1000), divide(10919, #0)",1.55986,"{""Distilled BGE"":1,""Frozen BGE"":1,""Hard-label BGE"":1,""Qwen teacher"":1}"
38,hard_label_bge::DVN/2012/page_77.pdf-2,Hard-label BGE,DVN/2012/page_77.pdf-2,DVN/2012/page_77.pdf,ambiguous annotation,The needed 'thereafter' and total debt rows were ranks 2 and 1; only the generic debt-maturity introduction was missed at rank 6.,what percentage of total debt maturity occurred in 2018 and thereafter?,3,26,1,"{""pre-text-0"":6,""table-row-5"":2,""table-row-6"":1}",pre-text-0,table-row-5|table-row-6,"table-row-5 [table]: 2018 and thereafter | $ 3189: 6725 || table-row-6 [table]: total | $ 3189: $ 11664 || pre-text-0 [pre_text]: devon energy corporation and subsidiaries notes to consolidated financial statements 2013 ( continued ) debt maturities as of december 31 , 2012 , excluding premiums and discounts , are as follows ( in millions ) : .",1. table-row-6 [table] [GOLD]: total | $ 3189: $ 11664 || 2. table-row-5 [table] [GOLD]: 2018 and thereafter | $ 3189: 6725 || 3. table-row-4 [table]: 2017 | $ 3189: 750 || 4. table-row-3 [table]: 2016 | $ 3189: 500 || 5. table-row-2 [table]: 2015 | $ 3189: 2014,"{""table_5"":""2013 the 2018 and thereafter of $ 3189 is 6725 ;"",""table_6"":""2013 the total of $ 3189 is $ 11664 ;"",""text_0"":""devon energy corporation and subsidiaries notes to consolidated financial statements 2013 ( continued ) debt maturities as of december 31 , 2012 , excluding premiums and discounts , are as follows ( in millions ) : .""}","divide(6725, 11664), multiply(#0, const_100)",57.65604,"{""Distilled BGE"":2,""Frozen BGE"":2,""Hard-label BGE"":1,""Qwen teacher"":1}"
39,hard_label_bge::HIG/2004/page_140.pdf-3,Hard-label BGE,HIG/2004/page_140.pdf-3,HIG/2004/page_140.pdf,ambiguous annotation,"The question suggests the total cumulative effect, while the gold program sums only two subcomponents; the model sensibly ranked the total row first.",what is the change in net income from cumulative effect of adoption?,2,53,6,"{""table-row-2"":7,""table-row-3"":6}",table-row-2|table-row-3,,table-row-2 [table]: reclassifying certain separate accounts to general account | net income: 30 | other comprehensive income: 294 || table-row-3 [table]: other | net income: 1 | other comprehensive income: -2 ( 2 ),"1. table-row-4 [table]: total cumulative effect of adoption | net income: $ -23 ( 23 ) | other comprehensive income: $ 292 || 2. pre-text-2 [pre_text]: at the date of initial application , january 1 , 2004 , the cumulative effect of the adoption of sop 03-1 on net income and other comprehensive income was comprised of the following individual impacts shown net of income tax benefit of $ 12 : in may 2003 , the financial accounting standards board ( 201cfasb 201d ) issued statement of financial accounting standards ( 201csfas 201d ) no . || 3. table-row-0 [table]: components of cumulative effect of adoption | net income | other comprehensive income || 4. pre-text-25 [pre_text]: early adoption was permitted . || 5. table-row-1 [table]: establishing gmdb and other benefit reserves for annuity contracts | net income: $ -54 ( 54 ) | other comprehensive income: $ 2014","{""table_2"":""components of cumulative effect of adoption the reclassifying certain separate accounts to general account of net income is 30 ; the reclassifying certain separate accounts to general account of other comprehensive income is 294 ;"",""table_3"":""components of cumulative effect of adoption the other of net income is 1 ; the other of other comprehensive income is -2 ( 2 ) ;""}","add(30, 1)",31,"{""Distilled BGE"":6,""Frozen BGE"":4,""Hard-label BGE"":6,""Qwen teacher"":7}"
40,hard_label_bge::ETR/2017/page_143.pdf-3,Hard-label BGE,ETR/2017/page_143.pdf-3,ETR/2017/page_143.pdf,ambiguous annotation,One gold item is an unrelated DOE nuclear-waste note; the actual interest-rate prose was just outside the top five at rank 7.,what is the amount of interest applied to the annual long-term debt maturities in 2018?,3,22,1,"{""pre-text-1"":12,""pre-text-3"":7,""table-row-1"":1}",pre-text-1|pre-text-3,table-row-1,"table-row-1 [table]: 2018 | amount ( in thousands ): $ 760000 || pre-text-1 [pre_text]: ( b ) pursuant to the nuclear waste policy act of 1982 , entergy 2019s nuclear owner/licensee subsidiaries have contracts with the doe for spent nuclear fuel disposal service . a0 a0the contracts include a one-time fee for generation prior to april 7 , 1983 . a0 a0entergy arkansas is the only entergy company that generated electric power with nuclear fuel prior to that date and includes the one-time fee , plus accrued interest , in long-term debt . || pre-text-3 [pre_text]: ( d ) this note did not have a stated interest rate , but had an implicit interest rate of 7.458% ( 7.458 % ) .","1. table-row-1 [table] [GOLD]: 2018 | amount ( in thousands ): $ 760000 || 2. table-row-2 [table]: 2019 | amount ( in thousands ): $ 857679 || 3. pre-text-5 [pre_text]: the annual long-term debt maturities ( excluding lease obligations and long-term doe obligations ) for debt outstanding as of december a031 , 2017 , for the next five years are as follows : amount ( in thousands ) . || 4. table-row-5 [table]: 2022 | amount ( in thousands ): $ 1304431 || 5. table-row-3 [table]: 2020 | amount ( in thousands ): $ 898500","{""table_1"":""the 2018 of amount ( in thousands ) is $ 760000 ;"",""text_1"":""( b ) pursuant to the nuclear waste policy act of 1982 , entergy 2019s nuclear owner/licensee subsidiaries have contracts with the doe for spent nuclear fuel disposal service . a0 a0the contracts include a one-time fee for generation prior to april 7 , 1983 . a0 a0entergy arkansas is the only entergy company that generated electric power with nuclear fuel prior to that date and includes the one-time fee , plus accrued interest , in long-term debt ."",""text_3"":""( d ) this note did not have a stated interest rate , but had an implicit interest rate of 7.458% ( 7.458 % ) .""}","multiply(760000, const_1000), multiply(#0, 7.458%)",56680800,"{""Distilled BGE"":2,""Frozen BGE"":4,""Hard-label BGE"":1,""Qwen teacher"":2}"
41,distilled_bge::ANET/2015/page_156.pdf-2,Distilled BGE,ANET/2015/page_156.pdf-2,ANET/2015/page_156.pdf,wrong financial metric,Ranked present value and long-term portion at ranks 1-2 but missed the current-portion row at rank 7.,what is the current portion of the present value of lease obligations?,2,28,1,"{""table-row-10"":1,""table-row-11"":7}",table-row-11,table-row-10,table-row-10 [table]: present value of obligation | $ 5754: 42546 || table-row-11 [table]: less current portion | $ 5754: -1336 ( 1336 ),"1. table-row-10 [table] [GOLD]: present value of obligation | $ 5754: 42546 || 2. table-row-12 [table]: long-term portion of obligation | $ 5754: $ 41210 || 3. pre-text-0 [pre_text]: as of december 31 , 2015 , the future minimum payments due under the lease financing obligation were as follows ( in thousands ) : years ending december 31 . || 4. table-row-7 [table]: less : interest and land lease expense | $ 5754: -30463 ( 30463 ) || 5. post-text-2 [post_text]: therefore , the lease is accounted for as a financing obligation and lease payments will be attributed to ( 1 ) a reduction of the principal financing obligation ; ( 2 ) imputed interest expense ; and ( 3 ) land lease expense ( which is considered an operating lease and a component of cost of goods sold and operating expenses ) representing an imputed cost to lease the underlying land of the building .","{""table_10"":""2016 the present value of obligation of $ 5754 is 42546 ;"",""table_11"":""2016 the less current portion of $ 5754 is -1336 ( 1336 ) ;""}","divide(1336, 42546)",0.0314,"{""Distilled BGE"":1,""Frozen BGE"":1,""Hard-label BGE"":2,""Qwen teacher"":1}"
42,distilled_bge::ETR/2004/page_281.pdf-1,Distilled BGE,ETR/2004/page_281.pdf-1,ETR/2004/page_281.pdf,teacher error,"Distilled and teacher both missed the unlabeled receivables table row while hard-label BGE retrieved all gold facts, consistent with inherited teacher preference.",what is the money pool activity use of operating cash flows as a percentage of receivables from the money pool in 2004?,3,22,1,"{""post-text-0"":1,""pre-text-13"":4,""table-row-2"":12}",table-row-2,pre-text-13|post-text-0,"table-row-2 [table]: $ 61592 | 2003: $ 19064 | 2002: $ 7046 | 2001: $ 13853 || pre-text-13 [pre_text]: system energy's receivables from the money pool were as follows as of december 31 for each of the following years: . || post-text-0 [post_text]: money pool activity used $ 42.5 million of system energy's operating cash flows in 2004 , used $ 12.0 million in 2003 , and provided $ 6.8 million in 2002 .","1. post-text-0 [post_text] [GOLD]: money pool activity used $ 42.5 million of system energy's operating cash flows in 2004 , used $ 12.0 million in 2003 , and provided $ 6.8 million in 2002 . || 2. pre-text-1 [pre_text]: management's financial discussion and analysis operating activities cash flow from operations increased by $ 232.1 million in 2004 primarily due to income tax refunds of $ 70.6 million in 2004 compared to income tax payments of $ 230.9 million in 2003 . || 3. post-text-2 [post_text]: investing activities net cash used for investing activities was practically unchanged in 2004 compared to 2003 primarily because an increase in construction expenditures caused by a reclassification of inventory items to capital was significantly offset by the maturity of $ 6.5 million of other temporary investments that had been made in 2003 , which provided cash in 2004 . || 4. pre-text-13 [pre_text] [GOLD]: system energy's receivables from the money pool were as follows as of december 31 for each of the following years: . || 5. pre-text-7 [pre_text]: in 2004 system energy realized $ 144 million in cash tax benefit from the method change .","{""table_2"":""2004 the $ 61592 of 2003 is $ 19064 ; the $ 61592 of 2002 is $ 7046 ; the $ 61592 of 2001 is $ 13853 ;"",""text_13"":""system energy's receivables from the money pool were as follows as of december 31 for each of the following years: ."",""text_14"":""money pool activity used $ 42.5 million of system energy's operating cash flows in 2004 , used $ 12.0 million in 2003 , and provided $ 6.8 million in 2002 .""}","divide(61592, const_1000), divide(42.5, #0)",0.69002,"{""Distilled BGE"":1,""Frozen BGE"":1,""Hard-label BGE"":1,""Qwen teacher"":1}"
43,distilled_bge::PPG/2008/page_52.pdf-1,Distilled BGE,PPG/2008/page_52.pdf-1,PPG/2008/page_52.pdf,ambiguous annotation,The missed table balance repeats the $99 million balance already stated in rank-1 gold prose; duplicate annotation drives the failure.,"without the impact of settlements , what would the december 31 2008 amount of unrecognized tax benefits have been , in $ millions?",3,41,1,"{""post-text-0"":1,""table-row-7"":2,""table-row-9"":8}",table-row-9,post-text-0|table-row-7,"table-row-9 [table]: balance at december 31 | 2008: $ 99 | 2007: $ 110 || post-text-0 [post_text]: balance at december 31 $ 99 $ 110 the amount of unrecognized tax benefits was $ 99 million and $ 110 million as of december 31 , 2008 and 2007 , respectively . || table-row-7 [table]: settlements | 2008: -21 ( 21 ) | 2007: -1 ( 1 )","1. post-text-0 [post_text] [GOLD]: balance at december 31 $ 99 $ 110 the amount of unrecognized tax benefits was $ 99 million and $ 110 million as of december 31 , 2008 and 2007 , respectively . || 2. table-row-7 [table] [GOLD]: settlements | 2008: -21 ( 21 ) | 2007: -1 ( 1 ) || 3. post-text-3 [post_text]: the company had accrued $ 10 million and $ 9 million for estimated interest and penalties on unrecognized tax benefits as of december 31 , 2008 and 2007 , respectively . || 4. pre-text-0 [pre_text]: notes to the consolidated financial statements the activity in the accrued liability for unrecognized tax benefits for the two years ended december 31 , 2008 was as follows : ( millions ) 2008 2007 . || 5. table-row-5 [table]: pre-acquisition unrecognized tax benefits | 2008: 20 | 2007: 2014","{""table_7"":""( millions ) the settlements of 2008 is -21 ( 21 ) ; the settlements of 2007 is -1 ( 1 ) ;"",""table_9"":""( millions ) the balance at december 31 of 2008 is $ 99 ; the balance at december 31 of 2007 is $ 110 ;"",""text_1"":""balance at december 31 $ 99 $ 110 the amount of unrecognized tax benefits was $ 99 million and $ 110 million as of december 31 , 2008 and 2007 , respectively .""}","add(21, 99)",120,"{""Distilled BGE"":1,""Frozen BGE"":1,""Hard-label BGE"":1,""Qwen teacher"":2}"
44,distilled_bge::AAL/2014/page_15.pdf-1,Distilled BGE,AAL/2014/page_15.pdf-1,AAL/2014/page_15.pdf,missed table evidence,"Ranked the table introduction and employee-category rows above the total employee row, which landed at rank 7.",what percentage of approximate number of active full-time equivalent employees consist of u.s airways employees?,1,33,7,"{""table-row-7"":7}",table-row-7,,table-row-7 [table]: total | american: 61600 | us airways: 32800 | wholly-owned regional carriers: 18900 | total: 113300,"1. pre-text-22 [pre_text]: the table below presents our approximate number of active full-time equivalent employees as of december 31 , 2014 . || 2. table-row-3 [table]: maintenance personnel | american: 10800 | us airways: 3600 | wholly-owned regional carriers: 1700 | total: 16100 || 3. table-row-2 [table]: flight attendants | american: 15900 | us airways: 7700 | wholly-owned regional carriers: 1800 | total: 25400 || 4. table-row-5 [table]: passenger service personnel | american: 9100 | us airways: 6100 | wholly-owned regional carriers: 7300 | total: 22500 || 5. table-row-4 [table]: fleet service personnel | american: 8600 | us airways: 6200 | wholly-owned regional carriers: 2500 | total: 17300","{""table_7"":""the total of american is 61600 ; the total of us airways is 32800 ; the total of wholly-owned regional carriers is 18900 ; the total of total is 113300 ;""}","divide(32800, 113300)",0.2895,"{""Distilled BGE"":7,""Frozen BGE"":6,""Hard-label BGE"":1,""Qwen teacher"":1}"
45,distilled_bge::CMCSA/2008/page_36.pdf-2,Distilled BGE,CMCSA/2008/page_36.pdf-2,CMCSA/2008/page_36.pdf,teacher error,"Hard-label BGE retrieved both facts; teacher and distilled both omitted total capital expenditures, with distilled placing the total at rank 24.",scalable infrastructure represents what percent of capital expenditures incurred the cable segment during 2008?,2,35,2,"{""table-row-2"":2,""table-row-7"":24}",table-row-7,table-row-2,table-row-2 [table]: scalable infrastructure ( b ) | 2008: 1024 | 2007: 1014 | 2006: 906 || table-row-7 [table]: total | 2008: $ 5545 | 2007: $ 5993 | 2006: $ 4244,"1. pre-text-13 [pre_text]: the table below summarizes the capital expenditures we incurred in our cable segment from 2006 through 2008. . || 2. table-row-2 [table] [GOLD]: scalable infrastructure ( b ) | 2008: 1024 | 2007: 1014 | 2006: 906 || 3. post-text-3 [post_text]: ( b ) scalable infrastructure includes costs incurred to secure growth in customers or revenue units or to provide service enhancements , other than those related to cpe . || 4. post-text-5 [post_text]: also included in scalable infrastructure is certain equipment necessary for content aggregation and distribution ( video on demand equipment ) and equipment necessary to provide certain video , high-speed internet and digital phone service features ( e.g. , voice mail and e-mail ) . || 5. pre-text-11 [pre_text]: capital expenditures our most significant recurring investing activity has been capital expenditures in our cable segment and we expect that this will con- tinue in the future .","{""table_2"":""year ended december 31 ( in millions ) the scalable infrastructure ( b ) of 2008 is 1024 ; the scalable infrastructure ( b ) of 2007 is 1014 ; the scalable infrastructure ( b ) of 2006 is 906 ;"",""table_7"":""year ended december 31 ( in millions ) the total of 2008 is $ 5545 ; the total of 2007 is $ 5993 ; the total of 2006 is $ 4244 ;""}","divide(1024, 5545)",0.18467,"{""Distilled BGE"":2,""Frozen BGE"":2,""Hard-label BGE"":1,""Qwen teacher"":1}"
46,distilled_bge::UPS/2010/page_52.pdf-1,Distilled BGE,UPS/2010/page_52.pdf-1,UPS/2010/page_52.pdf,teacher error,"Hard-label and frozen BGE retrieved the total row; teacher and distilled both pushed it below the top five, with distilled at rank 9.","what percentage of total expected cash outflow to satisfy contractual obligations and commitments as of december 31 , 2010 are due in 2012?",1,33,9,"{""table-row-8"":9}",table-row-8,,table-row-8 [table]: total | 2011: $ 2944 | 2012: $ 1334 | 2013: $ 3515 | 2014: $ 2059 | 2015: $ 820 | after 2016: $ 12884 | total: $ 23556,"1. pre-text-2 [pre_text]: the following table summarizes the expected cash outflow to satisfy our contractual obligations and commitments as of december 31 , 2010 ( in millions ) : . || 2. post-text-2 [post_text]: the amount of interest on our debt was calculated as the contractual interest payments due on our fixed-rate debt , in addition to interest on variable rate debt that was calculated based on interest rates as of december 31 , 2010 . || 3. post-text-7 [post_text]: as of december 31 , 2010 , we have firm commitments to purchase 20 boeing 767-300er freighters to be delivered between 2011 and 2013 , and two boeing 747-400f aircraft scheduled for delivery during 2011 . || 4. table-row-0 [table]: commitment type | 2011 | 2012 | 2013 | 2014 | 2015 | after 2016 | total || 5. pre-text-0 [pre_text]: contractual commitments we have contractual obligations and commitments in the form of capital leases , operating leases , debt obligations , purchase commitments , and certain other liabilities .","{""table_8"":""commitment type the total of 2011 is $ 2944 ; the total of 2012 is $ 1334 ; the total of 2013 is $ 3515 ; the total of 2014 is $ 2059 ; the total of 2015 is $ 820 ; the total of after 2016 is $ 12884 ; the total of total is $ 23556 ;""}","divide(1334, 23556)",0.05663,"{""Distilled BGE"":9,""Frozen BGE"":5,""Hard-label BGE"":1,""Qwen teacher"":11}"
47,distilled_bge::PNC/2008/page_122.pdf-1,Distilled BGE,PNC/2008/page_122.pdf-1,PNC/2008/page_122.pdf,teacher error,Hard-label BGE retrieved the numeric assets row; teacher and distilled both placed it at rank 6 after highly lexical prose.,"for national city-sponsored securitization qspes at december 31 , 2008 , automobile was what percent of credit card assets?",1,43,6,"{""table-row-1"":6}",table-row-1,,table-row-1 [table]: assets ( a ) | credit card: $ 2129 | automobile: $ 250 | mortgage: $ 319,"1. pre-text-9 [pre_text]: the following summarizes the assets and liabilities of the national city-sponsored securitization qspes at december 31 , 2008. . || 2. pre-text-4 [pre_text]: the credit card , automobile , and mortgage securitizations were transacted through qspes sponsored by national city . || 3. post-text-16 [post_text]: automobile loans at december 31 , 2008 , national city 2019s auto securitization 2005-a was outstanding . || 4. pre-text-2 [pre_text]: with our acquisition of national city on december 31 , 2008 , we acquired residual and other interests associated with national city 2019s credit card , automobile , mortgage , and sba loans securitizations . || 5. post-text-1 [post_text]: credit card loans at december 31 , 2008 , national city 2019s credit card securitization series 2005-1 , 2006-1 , 2007-1 , 2008-1 , 2008-2 , and 2008-3 were outstanding .","{""table_1"":""( in millions ) the assets ( a ) of credit card is $ 2129 ; the assets ( a ) of automobile is $ 250 ; the assets ( a ) of mortgage is $ 319 ;""}","divide(250, 2129)",0.11743,"{""Distilled BGE"":6,""Frozen BGE"":6,""Hard-label BGE"":1,""Qwen teacher"":6}"
48,distilled_bge::GS/2014/page_74.pdf-1,Distilled BGE,GS/2014/page_74.pdf-1,GS/2014/page_74.pdf,teacher error,"Hard-label BGE retrieved the numerator and total; teacher and distilled both missed total GCLA, with distilled placing it at rank 8.",in 2013 what percentage of gcla is in non-u.s . dollar denominated assets?,2,32,1,"{""table-row-2"":1,""table-row-3"":8}",table-row-3,table-row-2,table-row-2 [table]: non-u.s . dollar-denominated | average for theyear ended december 2014: 45410 | average for theyear ended december 2013: 45826 || table-row-3 [table]: total | average for theyear ended december 2014: $ 179633 | average for theyear ended december 2013: $ 182650,"1. table-row-2 [table] [GOLD]: non-u.s . dollar-denominated | average for theyear ended december 2014: 45410 | average for theyear ended december 2013: 45826 || 2. table-row-1 [table]: u.s . dollar-denominated | average for theyear ended december 2014: $ 134223 | average for theyear ended december 2013: $ 136824 || 3. post-text-1 [post_text]: dollar-denominated gcla is composed of ( i ) unencumbered u.s . || 4. post-text-6 [post_text]: dollar-denominated gcla is composed of only unencumbered german , french , japanese and united kingdom government obligations and certain overnight cash deposits in highly liquid currencies . || 5. pre-text-15 [pre_text]: as of december 2014 and december 2013 , the fair value of the securities and certain overnight cash deposits included in our gcla , totaled $ 182.95 billion and $ 184.07 billion , respectively .","{""table_2"":""$ in millions the non-u.s . dollar-denominated of average for theyear ended december 2014 is 45410 ; the non-u.s . dollar-denominated of average for theyear ended december 2013 is 45826 ;"",""table_3"":""$ in millions the total of average for theyear ended december 2014 is $ 179633 ; the total of average for theyear ended december 2013 is $ 182650 ;""}","divide(45826, 182650)",0.2509,"{""Distilled BGE"":1,""Frozen BGE"":4,""Hard-label BGE"":1,""Qwen teacher"":2}"
49,distilled_bge::AWK/2012/page_117.pdf-2,Distilled BGE,AWK/2012/page_117.pdf-2,AWK/2012/page_117.pdf,teacher error,"Hard-label BGE retrieved the 2012 balance; teacher and distilled both ranked it below five, with distilled at rank 6.",by how much did changes in the company 2019s gross liability increase from 2011 to 2012?,1,23,6,"{""table-row-6"":6}",table-row-6,,table-row-6 [table]: balance at december 31 2012 | $ 118314: $ 180993,"1. pre-text-9 [pre_text]: the following table summarizes the changes in the company 2019s gross liability , excluding interest and penalties , for unrecognized tax benefits: . || 2. post-text-0 [post_text]: the liability balance includes amounts reflected as other long-term liabilities in the accompanying consolidated balance sheets totaling $ 74360 and $ 46961 as of december 31 , 2012 and 2011 , respectively . || 3. post-text-3 [post_text]: the increase in 2012 current period tax positions related primarily to the company 2019s change in tax accounting method filed in 2008 for repair and maintenance costs on its utility assets . || 4. table-row-3 [table]: balance at december 31 2011 | $ 118314: 158578 || 5. post-text-5 [post_text]: if the company sustains all of its positions at december 31 , 2012 and 2011 , an unrecognized tax benefit of $ 7532 and $ 6644 , respectively , excluding interest and penalties , would impact the company 2019s effective tax rate. .","{""table_6"":""balance at january 1 2011 the balance at december 31 2012 of $ 118314 is $ 180993 ;""}","subtract(180993, 118314), divide(#0, 118314)",0.52977,"{""Distilled BGE"":6,""Frozen BGE"":6,""Hard-label BGE"":2,""Qwen teacher"":9}"
50,distilled_bge::STT/2009/page_25.pdf-1,Distilled BGE,STT/2009/page_25.pdf-1,STT/2009/page_25.pdf,ambiguous annotation,The numeric direct-lending row is rank 1; the missed constant-NAV sentence is not needed for the percent change.,what was the percent change in the aggregate net asset values of the direct lending collateral pools between 2007 and 2008?,2,15,1,"{""pre-text-7"":6,""table-row-1"":1}",pre-text-7,table-row-1,"table-row-1 [table]: direct lending collateral pools | december 31 2009: $ 85 | december 31 2008: $ 85 | december 31 2007 ( 1 ): $ 150 || pre-text-7 [pre_text]: these unregistered cash collateral pools seek , but are not required , to maintain , and transact purchases and redemptions at , a constant net asset value of $ 1.00 per unit .","1. table-row-1 [table] [GOLD]: direct lending collateral pools | december 31 2009: $ 85 | december 31 2008: $ 85 | december 31 2007 ( 1 ): $ 150 || 2. pre-text-9 [pre_text]: the following table shows the aggregate net asset values of the unregistered direct lending collateral pools and the aggregate net asset value of the unregistered collateral pools underlying the ssga lending funds , in each case based on a constant net asset value of $ 1.00 per ( in billions ) december 31 , 2009 december 31 , 2008 december 31 , 2007 ( 1 ) . || 3. table-row-2 [table]: collateral pools underlying ssga lending funds | december 31 2009: 24 | december 31 2008: 31 | december 31 2007 ( 1 ): 44 || 4. post-text-1 [post_text]: the direct lending collateral pool balances at december 31 , 2007 related to ssga lending funds have been included within the ssga lending fund balances and excluded from the direct lending collateral pool balances presented above. . || 5. post-text-0 [post_text]: ( 1 ) certain of the ssga lending funds were participants in the direct lending collateral pools until october 2008 .","{""table_1"":""( in billions ) the direct lending collateral pools of december 31 2009 is $ 85 ; the direct lending collateral pools of december 31 2008 is $ 85 ; the direct lending collateral pools of december 31 2007 ( 1 ) is $ 150 ;"",""text_7"":""these unregistered cash collateral pools seek , but are not required , to maintain , and transact purchases and redemptions at , a constant net asset value of $ 1.00 per unit .""}","subtract(85, 150), divide(#0, 150)",-0.43333,"{""Distilled BGE"":1,""Frozen BGE"":2,""Hard-label BGE"":1,""Qwen teacher"":2}"
51,distilled_bge::STT/2007/page_111.pdf-2,Distilled BGE,STT/2007/page_111.pdf-2,STT/2007/page_111.pdf,ambiguous annotation,Rank 1 contains both numeric values; the missed gold is a sentence fragment ('cash and U.S.') completed by the retrieved continuation.,what is the percent change of the amount of collateral held for indemnified securities between 2006 and 2007?,2,31,1,"{""post-text-5"":18,""post-text-6"":1}",post-text-5,post-text-6,"post-text-5 [post_text]: in this regard , we held , as agent , cash and u.s . || post-text-6 [post_text]: government securities totaling $ 572.93 billion and $ 527.37 billion as collateral for indemnified securities on loan at december 31 , 2007 and 2006 , respectively .","1. post-text-6 [post_text] [GOLD]: government securities totaling $ 572.93 billion and $ 527.37 billion as collateral for indemnified securities on loan at december 31 , 2007 and 2006 , respectively . || 2. table-row-1 [table]: indemnified securities financing | 2007: $ 558368 | 2006: $ 506032 || 3. table-row-4 [table]: standby letters of credit | 2007: 4711 | 2006: 4926 || 4. pre-text-5 [pre_text]: 2007 2006 ( in millions ) . || 5. table-row-2 [table]: liquidity asset purchase agreements | 2007: 35339 | 2006: 30251","{""text_11"":""in this regard , we held , as agent , cash and u.s ."",""text_12"":""government securities totaling $ 572.93 billion and $ 527.37 billion as collateral for indemnified securities on loan at december 31 , 2007 and 2006 , respectively .""}","subtract(572.93, 527.37), divide(#0, 527.37)",0.08639,"{""Distilled BGE"":1,""Frozen BGE"":2,""Hard-label BGE"":1,""Qwen teacher"":1}"
52,distilled_bge::D/2002/page_87.pdf-2,Distilled BGE,D/2002/page_87.pdf-2,D/2002/page_87.pdf,missed table evidence,No gold table row reached the top five; long-term-purchase prose dominated while the 2003 and total rows were ranks 15 and 17.,what percent of contracts for long-term purchases of capacity are due currently?,3,41,15,"{""table-row-1"":15,""table-row-2"":32,""table-row-7"":17}",table-row-2|table-row-7|table-row-1,,table-row-2 [table]: 2004 | commitment capacity: 635 | commitment other: 29 || table-row-7 [table]: total | commitment capacity: 8369 | commitment other: 237 || table-row-1 [table]: 2003 | commitment capacity: $ 643 | commitment other: $ 44,"1. post-text-0 [post_text]: capacity and other purchases under these contracts totaled $ 691 million , $ 680 million and $ 740 million for 2002 , 2001 and 2000 , respectively . || 2. pre-text-0 [pre_text]: power purchase contracts dominion has entered into contracts for long-term purchases of capacity and energy from other utilities , qualifying facilities and independent power producers . || 3. post-text-14 [post_text]: natural gas pipeline and storage capacity commitments dominion enters into long-term commitments for the purchase of natural gas pipeline and storage capacity for purposes other than trading . || 4. post-text-2 [post_text]: dominion recorded an after-tax charge of $ 136 million in connection with the purchase and termination of long-term power purchase contracts . || 5. pre-text-1 [pre_text]: as of december 31 , 2002 , dominion had 42 non-utility purchase contracts with a com- bined dependable summer capacity of 3758 megawatts .","{""table_1"":""( millions ) the 2003 of commitment capacity is $ 643 ; the 2003 of commitment other is $ 44 ;"",""table_2"":""( millions ) the 2004 of commitment capacity is 635 ; the 2004 of commitment other is 29 ;"",""table_7"":""( millions ) the total of commitment capacity is 8369 ; the total of commitment other is 237 ;""}","divide(643, 8369)",0.07683,"{""Distilled BGE"":15,""Frozen BGE"":6,""Hard-label BGE"":1,""Qwen teacher"":10}"
53,distilled_bge::KHC/2018/page_132.pdf-2,Distilled BGE,KHC/2018/page_132.pdf-2,KHC/2018/page_132.pdf,ambiguous annotation,The actual repayment and carrying-value facts were ranks 1-2; debt-issuance-cost and amortization annotations are unrelated.,"in july and august 2018 , what percent of debt carrying debt in december did they pay off?",4,35,1,"{""pre-text-0"":14,""pre-text-12"":2,""pre-text-4"":8,""pre-text-8"":1}",pre-text-0|pre-text-4,pre-text-12|pre-text-8,"pre-text-0 [pre_text]: debt issuance costs : debt issuance costs are reflected as a direct deduction of our long-term debt balance on the consolidated balance sheets . || pre-text-4 [pre_text]: amortization of debt issuance costs was $ 16 million in 2018 , $ 16 million in 2017 , and $ 14 million in 2016 . || pre-text-12 [pre_text]: fair value of debt : at december 29 , 2018 , the aggregate fair value of our total debt was $ 30.1 billion as compared with a carrying value of $ 31.2 billion . || pre-text-8 [pre_text]: debt repayments : in july and august 2018 , we repaid $ 2.7 billion aggregate principal amount of senior notes that matured in the period .","1. pre-text-8 [pre_text] [GOLD]: debt repayments : in july and august 2018 , we repaid $ 2.7 billion aggregate principal amount of senior notes that matured in the period . || 2. pre-text-12 [pre_text] [GOLD]: fair value of debt : at december 29 , 2018 , the aggregate fair value of our total debt was $ 30.1 billion as compared with a carrying value of $ 31.2 billion . || 3. pre-text-7 [pre_text]: amortization of our debt premium , net , was $ 65 million in 2018 , $ 81 million in 2017 , and $ 88 million in 2016 . || 4. pre-text-13 [pre_text]: at december 30 , 2017 , the aggregate fair value of our total debt was $ 33.0 billion as compared with a carrying value of $ 31.5 billion . || 5. pre-text-6 [pre_text]: unamortized debt premium , net , was $ 430 million at december 29 , 2018 and $ 505 million at december 30 , 2017 .","{""text_0"":""debt issuance costs : debt issuance costs are reflected as a direct deduction of our long-term debt balance on the consolidated balance sheets ."",""text_12"":""fair value of debt : at december 29 , 2018 , the aggregate fair value of our total debt was $ 30.1 billion as compared with a carrying value of $ 31.2 billion ."",""text_4"":""amortization of debt issuance costs was $ 16 million in 2018 , $ 16 million in 2017 , and $ 14 million in 2016 ."",""text_8"":""debt repayments : in july and august 2018 , we repaid $ 2.7 billion aggregate principal amount of senior notes that matured in the period .""}","add(31.2, 2.7), divide(2.7, #0)",0.07965,"{""Distilled BGE"":1,""Frozen BGE"":2,""Hard-label BGE"":1,""Qwen teacher"":1}"
54,distilled_bge::ECL/2017/page_79.pdf-2,Distilled BGE,ECL/2017/page_79.pdf-2,ECL/2017/page_79.pdf,ambiguous annotation,Gold includes unrelated sales and acquisition-cost prose; the net-consideration denominator was also only rank 11.,what portion of anios' purchasing price is related to goodwill?,4,32,2,"{""pre-text-11"":13,""pre-text-7"":4,""table-row-11"":11,""table-row-7"":2}",pre-text-11|table-row-11,pre-text-7|table-row-7,"pre-text-7 [pre_text]: anios had annualized pre-acquisition sales of approximately $ 245 million and is a leading european manufacturer and marketer of hygiene and disinfection products for the healthcare , food service , and food and beverage processing industries . || pre-text-11 [pre_text]: the company incurred certain acquisition and integration costs associated with the transaction that were expensed and are reflected in the consolidated statement of income . || table-row-7 [table]: goodwill | 2017: 511.7 || table-row-11 [table]: net consideration transferred to sellers | 2017: $ 605.5","1. post-text-3 [post_text]: goodwill of $ 511.7 million arising from the acquisition consists largely of the synergies and economies of scale expected through adding complementary geographies and innovative products to the company 2019s healthcare portfolio . || 2. table-row-7 [table] [GOLD]: goodwill | 2017: 511.7 || 3. pre-text-6 [pre_text]: anios acquisition on february 1 , 2017 , the company acquired anios for total consideration of $ 798.3 million , including satisfaction of outstanding debt . || 4. pre-text-7 [pre_text] [GOLD]: anios had annualized pre-acquisition sales of approximately $ 245 million and is a leading european manufacturer and marketer of hygiene and disinfection products for the healthcare , food service , and food and beverage processing industries . || 5. post-text-4 [post_text]: the goodwill was allocated to the institutional , healthcare , and specialty operating segments within the global institutional reportable segment and the food & beverage and life sciences operating segments within the global industrial reportable segment .","{""table_11"":""( millions ) the net consideration transferred to sellers of 2017 is $ 605.5 ;"",""table_7"":""( millions ) the goodwill of 2017 is 511.7 ;"",""text_11"":""the company incurred certain acquisition and integration costs associated with the transaction that were expensed and are reflected in the consolidated statement of income ."",""text_7"":""anios had annualized pre-acquisition sales of approximately $ 245 million and is a leading european manufacturer and marketer of hygiene and disinfection products for the healthcare , food service , and food and beverage processing industries .""}","divide(511.7, 605.5)",0.84509,"{""Distilled BGE"":2,""Frozen BGE"":2,""Hard-label BGE"":1,""Qwen teacher"":5}"
55,distilled_bge::UNP/2010/page_21.pdf-4,Distilled BGE,UNP/2010/page_21.pdf-4,UNP/2010/page_21.pdf,ambiguous annotation,The November and December numeric rows were ranks 1 and 3; the missed footnote about employee tax-withholding shares is irrelevant.,how much more was spent on shares in nov 2010 than dec 2010?,3,14,1,"{""post-text-0"":10,""table-row-2"":1,""table-row-3"":3}",post-text-0,table-row-2|table-row-3,"table-row-2 [table]: nov . 1 through nov . 30 | total number ofsharespurchased [a]: 1205260 | averageprice paidper share: 89.92 | total number of sharespurchased as part of apublicly announced planor program [b]: 1106042 | maximum number ofshares that may yetbe purchased under the planor program [b]: 16811694 || table-row-3 [table]: dec . 1 through dec . 31 | total number ofsharespurchased [a]: 1133106 | averageprice paidper share: 92.59 | total number of sharespurchased as part of apublicly announced planor program [b]: 875000 | maximum number ofshares that may yetbe purchased under the planor program [b]: 15936694 || post-text-0 [post_text]: [a] total number of shares purchased during the quarter includes approximately 563220 shares delivered or attested to upc by employees to pay stock option exercise prices , satisfy excess tax withholding obligations for stock option exercises or vesting of retention units , and pay withholding obligations for vesting of retention shares .","1. table-row-2 [table] [GOLD]: nov . 1 through nov . 30 | total number ofsharespurchased [a]: 1205260 | averageprice paidper share: 89.92 | total number of sharespurchased as part of apublicly announced planor program [b]: 1106042 | maximum number ofshares that may yetbe purchased under the planor program [b]: 16811694 || 2. pre-text-2 [pre_text]: purchases of equity securities 2013 during 2010 , we repurchased 17556522 shares of our common stock at an average price of $ 75.51 . || 3. table-row-3 [table] [GOLD]: dec . 1 through dec . 31 | total number ofsharespurchased [a]: 1133106 | averageprice paidper share: 92.59 | total number of sharespurchased as part of apublicly announced planor program [b]: 875000 | maximum number ofshares that may yetbe purchased under the planor program [b]: 15936694 || 4. pre-text-3 [pre_text]: the following table presents common stock repurchases during each month for the fourth quarter of 2010 : period total number of shares purchased [a] average price paid per share total number of shares purchased as part of a publicly announced plan or program [b] maximum number of shares that may yet be purchased under the plan or program [b] . || 5. table-row-1 [table]: oct . 1 through oct . 31 | total number ofsharespurchased [a]: 725450 | averageprice paidper share: 84.65 | total number of sharespurchased as part of apublicly announced planor program [b]: 519554 | maximum number ofshares that may yetbe purchased under the planor program [b]: 17917736","{""table_2"":""period the nov . 1 through nov . 30 of total number ofsharespurchased [a] is 1205260 ; the nov . 1 through nov . 30 of averageprice paidper share is 89.92 ; the nov . 1 through nov . 30 of total number of sharespurchased as part of apublicly announced planor program [b] is 1106042 ; the nov . 1 through nov . 30 of maximum number ofshares that may yetbe purchased under the planor program [b] is 16811694 ;"",""table_3"":""period the dec . 1 through dec . 31 of total number ofsharespurchased [a] is 1133106 ; the dec . 1 through dec . 31 of averageprice paidper share is 92.59 ; the dec . 1 through dec . 31 of total number of sharespurchased as part of apublicly announced planor program [b] is 875000 ; the dec . 1 through dec . 31 of maximum number ofshares that may yetbe purchased under the planor program [b] is 15936694 ;"",""text_4"":""[a] total number of shares purchased during the quarter includes approximately 563220 shares delivered or attested to upc by employees to pay stock option exercise prices , satisfy excess tax withholding obligations for stock option exercises or vesting of retention units , and pay withholding obligations for vesting of retention shares .""}","multiply(1205260, 89.92), multiply(1133106, 92.59), subtract(#0, #1)",3462694.66,"{""Distilled BGE"":1,""Frozen BGE"":2,""Hard-label BGE"":1,""Qwen teacher"":2}"
56,distilled_bge::RSG/2010/page_98.pdf-2,Distilled BGE,RSG/2010/page_98.pdf-2,RSG/2010/page_98.pdf,ambiguous annotation,"Gold includes unrelated receivables-recording prose; the denominator allowance row was rank 11, but annotation noise already guarantees failure.","as of december 31 , 2010 what was the ratio of the restricted cash and restricted marketable securities to the allowance for doubtful accounts",3,31,1,"{""post-text-2"":1,""pre-text-10"":26,""table-row-5"":11}",table-row-5|pre-text-10,post-text-2,"table-row-5 [table]: balance at end of year | 2010: $ 50.9 | 2009: $ 55.2 | 2008: $ 65.7 || pre-text-10 [pre_text]: our receivables are recorded when billed or when the related revenue is earned , if earlier , and represent claims against third parties that will be settled in cash . || post-text-2 [post_text]: restricted cash and restricted marketable securities as of december 31 , 2010 , we had $ 172.8 million of restricted cash and restricted marketable securities .","1. post-text-2 [post_text] [GOLD]: restricted cash and restricted marketable securities as of december 31 , 2010 , we had $ 172.8 million of restricted cash and restricted marketable securities . || 2. pre-text-16 [pre_text]: the following table reflects the activity in our allowance for doubtful accounts for the years ended december 31 , 2010 , 2009 and 2008: . || 3. pre-text-7 [pre_text]: we establish an allowance for doubtful accounts based on various factors including the credit risk of specific customers , age of receivables outstanding , historical trends , economic conditions and other information . || 4. post-text-0 [post_text]: in 2008 , subsequent to the allied acquisition , we recorded a provision for doubtful accounts of $ 14.2 million to adjust the allowance acquired from allied to conform to republic 2019s accounting policies . || 5. pre-text-11 [pre_text]: the carrying value of our receivables , net of the allowance for doubtful accounts , represents their estimated net realizable value .","{""table_5"":""the balance at end of year of 2010 is $ 50.9 ; the balance at end of year of 2009 is $ 55.2 ; the balance at end of year of 2008 is $ 65.7 ;"",""text_10"":""our receivables are recorded when billed or when the related revenue is earned , if earlier , and represent claims against third parties that will be settled in cash ."",""text_19"":""restricted cash and restricted marketable securities as of december 31 , 2010 , we had $ 172.8 million of restricted cash and restricted marketable securities .""}","divide(172.8, 50.9)",3.39489,"{""Distilled BGE"":1,""Frozen BGE"":1,""Hard-label BGE"":1,""Qwen teacher"":1}"
57,distilled_bge::HOLX/2009/page_151.pdf-3,Distilled BGE,HOLX/2009/page_151.pdf-3,HOLX/2009/page_151.pdf,ambiguous annotation,The forfeited-shares/value row was rank 1; the missed vesting-withholding sentence is unrelated to forfeiture loss.,"based on the fair value of the grant , how much money did the company lose when some of their grants were forfeited .",2,31,1,"{""post-text-0"":27,""table-row-4"":1}",post-text-0,table-row-4,table-row-4 [table]: forfeited | number of shares: -150 ( 150 ) | weighted-average grant-date fair value: 23.44 || post-text-0 [post_text]: the number of restricted stock units vested includes shares withheld on behalf of employees to satisfy minimum statutory tax withholding requirements .,1. table-row-4 [table] [GOLD]: forfeited | number of shares: -150 ( 150 ) | weighted-average grant-date fair value: 23.44 || 2. table-row-2 [table]: granted . | number of shares: 1669 | weighted-average grant-date fair value: 14.46 || 3. table-row-3 [table]: vested | number of shares: -210 ( 210 ) | weighted-average grant-date fair value: 23.87 || 4. table-row-0 [table]: non-vested shares | number of shares | weighted-average grant-date fair value || 5. table-row-1 [table]: non-vested at september 27 2008 | number of shares: 1461 | weighted-average grant-date fair value: $ 31.23,"{""table_4"":""non-vested shares the forfeited of number of shares is -150 ( 150 ) ; the forfeited of weighted-average grant-date fair value is 23.44 ;"",""text_2"":""the number of restricted stock units vested includes shares withheld on behalf of employees to satisfy minimum statutory tax withholding requirements .""}","multiply(23.44, 150)",3516,"{""Distilled BGE"":1,""Frozen BGE"":1,""Hard-label BGE"":1,""Qwen teacher"":1}"
58,distilled_bge::MO/2014/page_62.pdf-2,Distilled BGE,MO/2014/page_62.pdf-2,MO/2014/page_62.pdf,ambiguous annotation,The numerator and denominator were ranks 1-2; the missed post-text is a duplicate serialization of the EPS table.,what is the restricted stock and deferred stock vested in 2014 as a percentage of net earnings attributable to altria group inc . in 2014?,4,19,1,"{""post-text-0"":4,""post-text-1"":10,""pre-text-3"":1,""table-row-1"":2}",post-text-1,table-row-1|pre-text-3|post-text-0,"table-row-1 [table]: net earnings attributable to altria group inc . | for the years ended december 31 , 2014: $ 5070 | for the years ended december 31 , 2013: $ 4535 | for the years ended december 31 , 2012: $ 4180 || pre-text-3 [pre_text]: restricted stock and deferred stock vested during the years ended december 31 , 2014 , 2013 and 2012 was $ 86 million , $ 89 million and $ 81 million , respectively . || post-text-0 [post_text]: net earnings attributable to altria group , inc . || post-text-1 [post_text]: $ 5070 $ 4535 $ 4180 less : distributed and undistributed earnings attributable to unvested restricted and deferred shares ( 12 ) ( 12 ) ( 13 ) earnings for basic and diluted eps $ 5058 $ 4523 $ 4167 weighted-average shares for basic and diluted eps 1978 1999 2024 since february 29 , 2012 , there have been no stock options outstanding .","1. pre-text-3 [pre_text] [GOLD]: restricted stock and deferred stock vested during the years ended december 31 , 2014 , 2013 and 2012 was $ 86 million , $ 89 million and $ 81 million , respectively . || 2. table-row-1 [table] [GOLD]: net earnings attributable to altria group inc . | for the years ended december 31 , 2014: $ 5070 | for the years ended december 31 , 2013: $ 4535 | for the years ended december 31 , 2012: $ 4180 || 3. pre-text-1 [pre_text]: restricted stock and deferred stock granted during the years ended december 31 , 2014 , 2013 and 2012 was $ 53 million , $ 49 million and $ 53 million , respectively , or $ 36.75 , $ 33.76 and $ 28.77 per restricted or deferred share , respectively . || 4. post-text-0 [post_text] [GOLD]: net earnings attributable to altria group , inc . || 5. table-row-2 [table]: less : distributed and undistributed earnings attributable to unvested restricted and deferred shares | for the years ended december 31 , 2014: -12 ( 12 ) | for the years ended december 31 , 2013: -12 ( 12 ) | for the years ended december 31 , 2012: -13 ( 13 )","{""table_1"":""( in millions ) the net earnings attributable to altria group inc . of for the years ended december 31 , 2014 is $ 5070 ; the net earnings attributable to altria group inc . of for the years ended december 31 , 2013 is $ 4535 ; the net earnings attributable to altria group inc . of for the years ended december 31 , 2012 is $ 4180 ;"",""text_10"":""$ 5070 $ 4535 $ 4180 less : distributed and undistributed earnings attributable to unvested restricted and deferred shares ( 12 ) ( 12 ) ( 13 ) earnings for basic and diluted eps $ 5058 $ 4523 $ 4167 weighted-average shares for basic and diluted eps 1978 1999 2024 since february 29 , 2012 , there have been no stock options outstanding ."",""text_3"":""restricted stock and deferred stock vested during the years ended december 31 , 2014 , 2013 and 2012 was $ 86 million , $ 89 million and $ 81 million , respectively ."",""text_9"":""net earnings attributable to altria group , inc .""}","divide(86, 5070)",0.01696,"{""Distilled BGE"":1,""Frozen BGE"":1,""Hard-label BGE"":1,""Qwen teacher"":1}"
59,distilled_bge::GS/2015/page_188.pdf-4,Distilled BGE,GS/2015/page_188.pdf-4,GS/2015/page_188.pdf,ambiguous annotation,The rank-1 exact sentence contains both amounts; the missed corporate-borrower commitments sentence is unrelated.,"in billions , what was the total for 2015 and 2014 relating to commitments to invest in funds managed by the firm?",2,40,1,"{""pre-text-21"":1,""pre-text-3"":13}",pre-text-3,pre-text-21,"pre-text-3 [pre_text]: commitments to investment-grade corporate borrowers are principally used for operating liquidity and general corporate purposes . || pre-text-21 [pre_text]: of these amounts , $ 2.86 billion and $ 2.87 billion as of december 2015 and december 2014 , respectively , relate to commitments to invest in funds managed by the firm .","1. pre-text-21 [pre_text] [GOLD]: of these amounts , $ 2.86 billion and $ 2.87 billion as of december 2015 and december 2014 , respectively , relate to commitments to invest in funds managed by the firm . || 2. pre-text-20 [pre_text]: investment commitments the firm 2019s investment commitments of $ 6.05 billion and $ 5.16 billion as of december 2015 and december 2014 , respectively , include commitments to invest in private equity , real estate and other assets directly and through funds that the firm raises and manages . || 3. pre-text-8 [pre_text]: the notional amount of such loan commitments was $ 27.03 billion and $ 27.51 billion as of december 2015 and december 2014 , respectively . || 4. pre-text-10 [pre_text]: in addition , subject to the satisfaction of certain conditions , upon the firm 2019s request , smfg will provide protection for 70% ( 70 % ) of additional losses on such commitments , up to a maximum of $ 1.13 billion , of which $ 768 million of protection had been provided as of both december 2015 and december 2014 . || 5. table-row-0 [table]: $ in millions | as of december 2015","{""text_21"":""of these amounts , $ 2.86 billion and $ 2.87 billion as of december 2015 and december 2014 , respectively , relate to commitments to invest in funds managed by the firm ."",""text_3"":""commitments to investment-grade corporate borrowers are principally used for operating liquidity and general corporate purposes .""}","add(2.86, 2.87)",5.73,"{""Distilled BGE"":1,""Frozen BGE"":2,""Hard-label BGE"":1,""Qwen teacher"":1}"
60,distilled_bge::CMCSA/2015/page_67.pdf-1,Distilled BGE,CMCSA/2015/page_67.pdf-1,CMCSA/2015/page_67.pdf,ambiguous annotation,"Gold includes the unrelated 'other equipment' row; distilled also missed total, so the target does not cleanly isolate a retrieval error.",what was the percentage cable distribution systems capital expenditures of the capital expenditures incurred in cable communications segment capital expenditures in 2015?,3,26,3,"{""table-row-1"":3,""table-row-3"":13,""table-row-5"":15}",table-row-3|table-row-5,table-row-1,table-row-1 [table]: cable distribution system | 2015: $ 2424 | 2014: $ 2047 | 2013: $ 1819 || table-row-3 [table]: other equipment | 2015: 756 | 2014: 613 | 2013: 527 || table-row-5 [table]: total | 2015: $ 7034 | 2014: $ 6154 | 2013: $ 5403,"1. pre-text-10 [pre_text]: the table below summarizes the capital expenditures we incurred in our cable communications segment in 2015 , 2014 and 2013. . || 2. post-text-0 [post_text]: cable communications capital expenditures increased in 2015 and 2014 primarily due to increased spending on customer premise equipment related to our x1 platform and wireless gateways , our continued investment in network infrastructure to increase network capacity , increased investment in support capital as we expand our cloud-based initiatives , and our continued investment to expand business services . || 3. table-row-1 [table] [GOLD]: cable distribution system | 2015: $ 2424 | 2014: $ 2047 | 2013: $ 1819 || 4. post-text-1 [post_text]: capital expenditures in our nbcuniversal segments increased 13.5% ( 13.5 % ) to $ 1.4 billion in 2015 and 5.3% ( 5.3 % ) to $ 1.2 billion in 2014 primarily due to continued investment in our universal theme parks , including a purchase of land in 2015 . || 5. post-text-8 [post_text]: comcast 2015 annual report on form 10-k 64 .","{""table_1"":""year ended december 31 ( in millions ) the cable distribution system of 2015 is $ 2424 ; the cable distribution system of 2014 is $ 2047 ; the cable distribution system of 2013 is $ 1819 ;"",""table_3"":""year ended december 31 ( in millions ) the other equipment of 2015 is 756 ; the other equipment of 2014 is 613 ; the other equipment of 2013 is 527 ;"",""table_5"":""year ended december 31 ( in millions ) the total of 2015 is $ 7034 ; the total of 2014 is $ 6154 ; the total of 2013 is $ 5403 ;""}","divide(2424, 7034)",0.34461,"{""Distilled BGE"":3,""Frozen BGE"":2,""Hard-label BGE"":1,""Qwen teacher"":3}"
61,qwen_teacher::ETR/2016/page_374.pdf-2,Qwen teacher,ETR/2016/page_374.pdf-2,ETR/2016/page_374.pdf,incomplete multi-fact retrieval,Teacher retrieved 2016 revenue at rank 2 but left the 2015 baseline at rank 7.,"what is the growth rate in net revenue in 20016 for entergy mississippi , inc.?",2,19,2,"{""table-row-1"":7,""table-row-7"":2}",table-row-1,table-row-7,table-row-1 [table]: 2015 net revenue | amount ( in millions ): $ 696.3 || table-row-7 [table]: 2016 net revenue | amount ( in millions ): $ 705.4,"1. pre-text-5 [pre_text]: following is an analysis of the change in net revenue comparing 2016 to 2015 . || 2. table-row-7 [table] [GOLD]: 2016 net revenue | amount ( in millions ): $ 705.4 || 3. pre-text-4 [pre_text]: net revenue 2016 compared to 2015 net revenue consists of operating revenues net of : 1 ) fuel , fuel-related expenses , and gas purchased for resale , 2 ) purchased power expenses , and 3 ) other regulatory charges ( credits ) . || 4. pre-text-0 [pre_text]: entergy mississippi , inc . || 5. pre-text-2 [pre_text]: 2015 compared to 2014 net income increased $ 17.9 million primarily due to the write-off in 2014 of the regulatory assets associated with new nuclear generation development costs as a result of a joint stipulation entered into with the mississippi public utilities staff , subsequently approved by the mpsc , partially offset by higher depreciation and amortization expenses , higher taxes other than income taxes , higher other operation and maintenance expenses , and lower net revenue .","{""table_1"":""the 2015 net revenue of amount ( in millions ) is $ 696.3 ;"",""table_7"":""the 2016 net revenue of amount ( in millions ) is $ 705.4 ;""}","subtract(705.4, 696.3), divide(#0, 696.3)",0.01307,"{""Distilled BGE"":4,""Frozen BGE"":2,""Hard-label BGE"":1,""Qwen teacher"":2}"
62,qwen_teacher::IP/2006/page_75.pdf-1,Qwen teacher,IP/2006/page_75.pdf-1,IP/2006/page_75.pdf,incomplete multi-fact retrieval,Teacher retrieved lease obligations at rank 2 but left the total-commitments denominator at rank 8.,"at december 31 , 2006 , what percentage of total future minimum commitments under existing non-cancelable leases and purchase obligations from lease obligations is due in 2007?",2,32,2,"{""table-row-1"":2,""table-row-3"":8}",table-row-3,table-row-1,table-row-1 [table]: lease obligations ( a ) | 2007: $ 144 | 2008: $ 117 | 2009: $ 94 | 2010: $ 74 | 2011: $ 60 | thereafter: $ 110 || table-row-3 [table]: total | 2007: $ 2473 | 2008: $ 579 | 2009: $ 456 | 2010: $ 426 | 2011: $ 383 | thereafter: $ 1904,"1. pre-text-1 [pre_text]: at december 31 , 2006 , total future minimum commitments under existing non-cancelable leases and purchase obligations were as follows : in millions 2007 2008 2009 2010 2011 thereafter . || 2. table-row-1 [table] [GOLD]: lease obligations ( a ) | 2007: $ 144 | 2008: $ 117 | 2009: $ 94 | 2010: $ 74 | 2011: $ 60 | thereafter: $ 110 || 3. table-row-2 [table]: purchase obligations ( bc ) | 2007: 2329 | 2008: 462 | 2009: 362 | 2010: 352 | 2011: 323 | thereafter: 1794 || 4. post-text-0 [post_text]: ( a ) included in these amounts are $ 76 million of lease obligations related to discontinued operations and businesses held for sale that are due as follows : 2007 2013 $ 23 million ; 2008 2013 $ 19 million ; 2009 2013 $ 15 million ; 2010 2013 $ 7 million ; 2011 2013 $ 5 million ; and thereafter 2013 $ 7 million . || 5. post-text-3 [post_text]: rent expense was $ 217 million , $ 216 million and $ 225 million for 2006 , 2005 and 2004 , respectively .","{""table_1"":""in millions the lease obligations ( a ) of 2007 is $ 144 ; the lease obligations ( a ) of 2008 is $ 117 ; the lease obligations ( a ) of 2009 is $ 94 ; the lease obligations ( a ) of 2010 is $ 74 ; the lease obligations ( a ) of 2011 is $ 60 ; the lease obligations ( a ) of thereafter is $ 110 ;"",""table_3"":""in millions the total of 2007 is $ 2473 ; the total of 2008 is $ 579 ; the total of 2009 is $ 456 ; the total of 2010 is $ 426 ; the total of 2011 is $ 383 ; the total of thereafter is $ 1904 ;""}","divide(144, 2473)",0.05823,"{""Distilled BGE"":2,""Frozen BGE"":2,""Hard-label BGE"":1,""Qwen teacher"":2}"
63,qwen_teacher::C/2009/page_63.pdf-2,Qwen teacher,C/2009/page_63.pdf-2,C/2009/page_63.pdf,incomplete multi-fact retrieval,"Teacher ranked long-term debt first but placed total contractual obligations at rank 6, one position outside the cutoff.",what percent of total contractual obligations in 2010 are made up of long-term debt obligations?,2,30,1,"{""table-row-1"":1,""table-row-5"":6}",table-row-5,table-row-1,table-row-1 [table]: long-term debt obligations ( 1 ) | contractual obligations by year 2010: $ 47162 | contractual obligations by year 2011: $ 59656 | contractual obligations by year 2012: $ 69344 | contractual obligations by year 2013: $ 28132 | contractual obligations by year 2014: $ 34895 | contractual obligations by year thereafter: $ 124830 || table-row-5 [table]: total | contractual obligations by year 2010: $ 83659 | contractual obligations by year 2011: $ 61368 | contractual obligations by year 2012: $ 70718 | contractual obligations by year 2013: $ 29334 | contractual obligations by year 2014: $ 36040 | contractual obligations by year thereafter: $ 131392,1. table-row-1 [table] [GOLD]: long-term debt obligations ( 1 ) | contractual obligations by year 2010: $ 47162 | contractual obligations by year 2011: $ 59656 | contractual obligations by year 2012: $ 69344 | contractual obligations by year 2013: $ 28132 | contractual obligations by year 2014: $ 34895 | contractual obligations by year thereafter: $ 124830 || 2. table-row-4 [table]: other long-term liabilities reflected on citi 2019s consolidated balance sheet ( 2 ) | contractual obligations by year 2010: 34218 | contractual obligations by year 2011: 156 | contractual obligations by year 2012: 36 | contractual obligations by year 2013: 35 | contractual obligations by year 2014: 36 | contractual obligations by year thereafter: 3009 || 3. table-row-3 [table]: purchase obligations | contractual obligations by year 2010: 1032 | contractual obligations by year 2011: 446 | contractual obligations by year 2012: 331 | contractual obligations by year 2013: 267 | contractual obligations by year 2014: 258 | contractual obligations by year thereafter: 783 || 4. table-row-2 [table]: lease obligations | contractual obligations by year 2010: 1247 | contractual obligations by year 2011: 1110 | contractual obligations by year 2012: 1007 | contractual obligations by year 2013: 900 | contractual obligations by year 2014: 851 | contractual obligations by year thereafter: 2770 || 5. table-row-0 [table]: in millions of dollars at year end | contractual obligations by year 2010 | contractual obligations by year 2011 | contractual obligations by year 2012 | contractual obligations by year 2013 | contractual obligations by year 2014 | contractual obligations by year thereafter,"{""table_1"":""in millions of dollars at year end the long-term debt obligations ( 1 ) of contractual obligations by year 2010 is $ 47162 ; the long-term debt obligations ( 1 ) of contractual obligations by year 2011 is $ 59656 ; the long-term debt obligations ( 1 ) of contractual obligations by year 2012 is $ 69344 ; the long-term debt obligations ( 1 ) of contractual obligations by year 2013 is $ 28132 ; the long-term debt obligations ( 1 ) of contractual obligations by year 2014 is $ 34895 ; the long-term debt obligations ( 1 ) of contractual obligations by year thereafter is $ 124830 ;"",""table_5"":""in millions of dollars at year end the total of contractual obligations by year 2010 is $ 83659 ; the total of contractual obligations by year 2011 is $ 61368 ; the total of contractual obligations by year 2012 is $ 70718 ; the total of contractual obligations by year 2013 is $ 29334 ; the total of contractual obligations by year 2014 is $ 36040 ; the total of contractual obligations by year thereafter is $ 131392 ;""}","divide(47162, 83659)",0.56374,"{""Distilled BGE"":1,""Frozen BGE"":1,""Hard-label BGE"":1,""Qwen teacher"":1}"
64,qwen_teacher::GS/2015/page_188.pdf-3,Qwen teacher,GS/2015/page_188.pdf-3,GS/2015/page_188.pdf,missed table evidence,Teacher found 2021-and-thereafter at rank 1 but buried total lease payments at rank 16.,"for future lease payments , what percent was due in 2021 and thereafter?",2,40,1,"{""table-row-6"":1,""table-row-7"":16}",table-row-7,table-row-6,table-row-6 [table]: 2021 - thereafter | as of december 2015: 1160 || table-row-7 [table]: total | as of december 2015: $ 2575,"1. table-row-6 [table] [GOLD]: 2021 - thereafter | as of december 2015: 1160 || 2. pre-text-25 [pre_text]: the table below presents future minimum rental payments , net of minimum sublease rentals . || 3. post-text-2 [post_text]: rent expense relating to space held for growth is included in 201coccupancy . 201d the firm records a liability , based on the fair value of the remaining lease rentals reduced by any potential or existing sublease rentals , for leases where the firm has ceased using the space and management has concluded that the firm will not derive any future economic benefits . || 4. pre-text-13 [pre_text]: warehouse financing . || 5. pre-text-1 [pre_text]: and subsidiaries notes to consolidated financial statements commercial lending .","{""table_6"":""$ in millions the 2021 - thereafter of as of december 2015 is 1160 ;"",""table_7"":""$ in millions the total of as of december 2015 is $ 2575 ;""}","divide(1160, 2575)",0.45049,"{""Distilled BGE"":1,""Frozen BGE"":1,""Hard-label BGE"":1,""Qwen teacher"":1}"
65,qwen_teacher::JPM/2015/page_137.pdf-2,Qwen teacher,JPM/2015/page_137.pdf-2,JPM/2015/page_137.pdf,ambiguous annotation,"Rank-3 prose gives the equivalent $59.7 billion total, while the annotated table total is rank 9; strict ID matching counts a semantic success as failure.",interest rate derivatives made up how much of the net total derivatives for 2015?,2,36,1,"{""table-row-1"":1,""table-row-6"":9}",table-row-6,table-row-1,table-row-1 [table]: interest rate | 2015: $ 26363 | 2014: $ 33725 || table-row-6 [table]: total net of cash collateral | 2015: 59677 | 2014: 78975,"1. table-row-1 [table] [GOLD]: interest rate | 2015: $ 26363 | 2014: $ 33725 || 2. table-row-2 [table]: credit derivatives | 2015: 1423 | 2014: 1838 || 3. post-text-0 [post_text]: derivative receivables reported on the consolidated balance sheets were $ 59.7 billion and $ 79.0 billion at december 31 , 2015 and 2014 , respectively . || 4. post-text-1 [post_text]: these amounts represent the fair value of the derivative contracts , after giving effect to legally enforceable master netting agreements and cash collateral held by the firm . || 5. post-text-4 [post_text]: the decrease in derivative receivables was predominantly driven by declines in interest rate derivatives , commodity derivatives , foreign exchange derivatives and equity derivatives due to market movements , maturities and settlements related to client- driven market-making activities in cib. .","{""table_1"":""december 31 ( in millions ) the interest rate of 2015 is $ 26363 ; the interest rate of 2014 is $ 33725 ;"",""table_6"":""december 31 ( in millions ) the total net of cash collateral of 2015 is 59677 ; the total net of cash collateral of 2014 is 78975 ;""}","divide(26363, 59677)",0.44176,"{""Distilled BGE"":1,""Frozen BGE"":1,""Hard-label BGE"":2,""Qwen teacher"":1}"
66,qwen_teacher::IPG/2017/page_92.pdf-2,Qwen teacher,IPG/2017/page_92.pdf-2,IPG/2017/page_92.pdf,ambiguous annotation,The numeric table row was rank 1; the only missed gold item was generic table-introduction prose at rank 6.,what is the percentage decrease in total contingent acquisition payments from 2018-2019?,2,25,1,"{""pre-text-4"":6,""table-row-3"":1}",pre-text-4,table-row-3,table-row-3 [table]: total contingent acquisition payments | 2018: $ 79.0 | 2019: $ 53.9 | 2020: $ 79.0 | 2021: $ 34.7 | 2022: $ 11.4 | thereafter: $ 10.4 | total: $ 268.4 || pre-text-4 [pre_text]: contingent acquisition obligations the following table details the estimated future contingent acquisition obligations payable in cash as of december 31 .,"1. table-row-3 [table] [GOLD]: total contingent acquisition payments | 2018: $ 79.0 | 2019: $ 53.9 | 2020: $ 79.0 | 2021: $ 34.7 | 2022: $ 11.4 | thereafter: $ 10.4 | total: $ 268.4 || 2. table-row-1 [table]: deferred acquisition payments | 2018: $ 41.9 | 2019: $ 27.5 | 2020: $ 16.1 | 2021: $ 24.4 | 2022: $ 4.8 | thereafter: $ 6.3 | total: $ 121.0 || 3. table-row-2 [table]: redeemable noncontrolling interests and call options with affiliates1 | 2018: 37.1 | 2019: 26.4 | 2020: 62.9 | 2021: 10.3 | 2022: 6.6 | thereafter: 4.1 | total: 147.4 || 4. table-row-0 [table]: | 2018 | 2019 | 2020 | 2021 | 2022 | thereafter | total || 5. post-text-3 [post_text]: these estimated payments of $ 24.8 are included within the total payments expected to be made in 2018 , and will continue to be carried forward into 2019 or beyond until exercised or expired .","{""table_3"":""the total contingent acquisition payments of 2018 is $ 79.0 ; the total contingent acquisition payments of 2019 is $ 53.9 ; the total contingent acquisition payments of 2020 is $ 79.0 ; the total contingent acquisition payments of 2021 is $ 34.7 ; the total contingent acquisition payments of 2022 is $ 11.4 ; the total contingent acquisition payments of thereafter is $ 10.4 ; the total contingent acquisition payments of total is $ 268.4 ;"",""text_4"":""contingent acquisition obligations the following table details the estimated future contingent acquisition obligations payable in cash as of december 31 .""}","subtract(79.0, 53.9), divide(#0, 79.0), multiply(#1, const_100)",31.77215,"{""Distilled BGE"":1,""Frozen BGE"":1,""Hard-label BGE"":1,""Qwen teacher"":1}"
67,qwen_teacher::IP/2006/page_75.pdf-4,Qwen teacher,IP/2006/page_75.pdf-4,IP/2006/page_75.pdf,incomplete multi-fact retrieval,Teacher found purchase obligations at rank 2 but placed the total-commitments row at rank 8.,what was the percentage of total future minimum commitments under existing non-cancelable leases and purchase obligations associated with purchase obligations in 2007,2,32,2,"{""table-row-2"":2,""table-row-3"":8}",table-row-3,table-row-2,table-row-2 [table]: purchase obligations ( bc ) | 2007: 2329 | 2008: 462 | 2009: 362 | 2010: 352 | 2011: 323 | thereafter: 1794 || table-row-3 [table]: total | 2007: $ 2473 | 2008: $ 579 | 2009: $ 456 | 2010: $ 426 | 2011: $ 383 | thereafter: $ 1904,"1. pre-text-1 [pre_text]: at december 31 , 2006 , total future minimum commitments under existing non-cancelable leases and purchase obligations were as follows : in millions 2007 2008 2009 2010 2011 thereafter . || 2. table-row-2 [table] [GOLD]: purchase obligations ( bc ) | 2007: 2329 | 2008: 462 | 2009: 362 | 2010: 352 | 2011: 323 | thereafter: 1794 || 3. table-row-1 [table]: lease obligations ( a ) | 2007: $ 144 | 2008: $ 117 | 2009: $ 94 | 2010: $ 74 | 2011: $ 60 | thereafter: $ 110 || 4. post-text-1 [post_text]: ( b ) included in these amounts are $ 1.3 billion of purchase obliga- tions related to discontinued operations and businesses held for sale that are due as follows : 2007 2013 $ 335 million ; 2008 2013 $ 199 million ; 2009 2013 $ 157 million ; 2010 2013 $ 143 million ; 2011 2013 $ 141 million ; and thereafter 2013 $ 331 million . || 5. post-text-0 [post_text]: ( a ) included in these amounts are $ 76 million of lease obligations related to discontinued operations and businesses held for sale that are due as follows : 2007 2013 $ 23 million ; 2008 2013 $ 19 million ; 2009 2013 $ 15 million ; 2010 2013 $ 7 million ; 2011 2013 $ 5 million ; and thereafter 2013 $ 7 million .","{""table_2"":""in millions the purchase obligations ( bc ) of 2007 is 2329 ; the purchase obligations ( bc ) of 2008 is 462 ; the purchase obligations ( bc ) of 2009 is 362 ; the purchase obligations ( bc ) of 2010 is 352 ; the purchase obligations ( bc ) of 2011 is 323 ; the purchase obligations ( bc ) of thereafter is 1794 ;"",""table_3"":""in millions the total of 2007 is $ 2473 ; the total of 2008 is $ 579 ; the total of 2009 is $ 456 ; the total of 2010 is $ 426 ; the total of 2011 is $ 383 ; the total of thereafter is $ 1904 ;""}","divide(2329, 2473)",0.94177,"{""Distilled BGE"":2,""Frozen BGE"":3,""Hard-label BGE"":1,""Qwen teacher"":2}"
68,qwen_teacher::AMT/2003/page_27.pdf-1,Qwen teacher,AMT/2003/page_27.pdf-1,AMT/2003/page_27.pdf,ambiguous annotation,The Woburn property row is unrelated to the Boston sublease calculation; teacher retrieved the two actual Boston facts at ranks 1-2.,what portion of the boston property will be offered for sub-lease?,3,26,1,"{""post-text-0"":1,""table-row-1"":2,""table-row-3"":6}",table-row-3,table-row-1|post-text-0,"table-row-3 [table]: woburn | function: lease administration | size ( square feet ): 34000 | property interest: owned || table-row-1 [table]: boston | function: corporate headquarters ; us tower division | size ( square feet ): 30000 ( 1 ) | property interest: leased || post-text-0 [post_text]: ( 1 ) of the total 30000 square feet in our current leasehold , we are consolidating our operations into 20000 square feet during 2004 and are currently offering the remaining 10000 square feet for re-lease or sub-lease .","1. post-text-0 [post_text] [GOLD]: ( 1 ) of the total 30000 square feet in our current leasehold , we are consolidating our operations into 20000 square feet during 2004 and are currently offering the remaining 10000 square feet for re-lease or sub-lease . || 2. table-row-1 [table] [GOLD]: boston | function: corporate headquarters ; us tower division | size ( square feet ): 30000 ( 1 ) | property interest: leased || 3. post-text-5 [post_text]: of the approximately 15000 towers comprising our portfolio , approximately 16% ( 16 % ) are located on parcels of land that we own and approximately 84% ( 84 % ) are either located on parcels of land that have leasehold interests created by long-term lease agreements , private easements and easements , licenses or rights-of-way granted by government entities , or are sites that we manage for third parties . || 4. post-text-8 [post_text]: land leases generally have an initial term of five years with three or four additional automatic renewal periods of five years , for a total of twenty to twenty-five years . || 5. pre-text-1 [pre_text]: properties our principal offices are located in boston , southborough and woburn , massachusetts ; atlanta , georgia ; mexico city , mexico ; and sao paulo , brazil .","{""table_1"":""location the boston of function is corporate headquarters ; us tower division ; the boston of size ( square feet ) is 30000 ( 1 ) ; the boston of property interest is leased ;"",""table_3"":""location the woburn of function is lease administration ; the woburn of size ( square feet ) is 34000 ; the woburn of property interest is owned ;"",""text_3"":""( 1 ) of the total 30000 square feet in our current leasehold , we are consolidating our operations into 20000 square feet during 2004 and are currently offering the remaining 10000 square feet for re-lease or sub-lease .""}","subtract(30000, 20000), divide(#0, 30000)",0.33333,"{""Distilled BGE"":1,""Frozen BGE"":1,""Hard-label BGE"":1,""Qwen teacher"":1}"
69,qwen_teacher::UNP/2006/page_15.pdf-3,Qwen teacher,UNP/2006/page_15.pdf-3,UNP/2006/page_15.pdf,incomplete multi-fact retrieval,Teacher found main-line miles at rank 1 but placed total route miles at rank 7.,what percent of total route miles are main line in 2006?,2,24,1,"{""table-row-1"":1,""table-row-4"":7}",table-row-4,table-row-1,table-row-1 [table]: main line | 2006: 27318 | 2005: 27301 || table-row-4 [table]: total | 2006: 51596 | 2005: 52667,"1. table-row-1 [table] [GOLD]: main line | 2006: 27318 | 2005: 27301 || 2. pre-text-17 [pre_text]: route miles as of december 31 , 2006 and 2005 , were as follows : 2006 2005 . || 3. pre-text-16 [pre_text]: we own 26466 route miles , with the remainder of route miles operated pursuant to trackage rights or leases . || 4. table-row-3 [table]: yards sidings and other lines | 2006: 19257 | 2005: 20241 || 5. pre-text-15 [pre_text]: track 2013 the railroad operates on 32339 main line and branch line route miles in 23 states in the western two-thirds of the united states .","{""table_1"":""the main line of 2006 is 27318 ; the main line of 2005 is 27301 ;"",""table_4"":""the total of 2006 is 51596 ; the total of 2005 is 52667 ;""}","divide(27318, 51596)",0.52946,"{""Distilled BGE"":1,""Frozen BGE"":2,""Hard-label BGE"":1,""Qwen teacher"":1}"
70,qwen_teacher::AMT/2008/page_107.pdf-1,Qwen teacher,AMT/2008/page_107.pdf-1,AMT/2008/page_107.pdf,ambiguous annotation,The exact text of the missed gold post-text appears as a non-gold pre-text candidate at rank 5; duplicate IDs turn equivalent retrieval into failure.,as a result of the sales of certain non-core towers and other assets what was the percent of the change in the recorded net losses from 2007 to 2008,1,41,6,"{""post-text-6"":6}",post-text-6,,"post-text-6 [post_text]: as a result , the company recorded net losses and impairments of approximately $ 10.5 million , $ 7.1 million and $ 2.0 million for the years ended december 31 , 2008 , 2007 and 2006 , respectively .","1. pre-text-5 [pre_text]: during the years ended december 31 , 2008 , 2007 and 2006 respectively , the company recorded net losses associated with the sales of certain non-core towers and other assets , as well as impairment charges to write-down certain assets to net realizable value after an indicator of impairment had been identified . || 2. post-text-5 [post_text]: during the years ended december 31 , 2008 , 2007 and 2006 respectively , the company recorded net losses associated with the sales of certain non-core towers and other assets , as well as impairment charges to write-down certain assets to net realizable value after an indicator of impairment had been identified . || 3. pre-text-8 [pre_text]: the net loss for the year ended december 31 , 2007 is comprised of net losses from asset sales and other impairments of $ 7.8 million , offset by gains from asset sales of $ 0.7 million . || 4. post-text-8 [post_text]: the net loss for the year ended december 31 , 2007 is comprised of net losses from asset sales and other impairments of $ 7.8 million , offset by gains from asset sales of $ 0.7 million . || 5. pre-text-6 [pre_text]: as a result , the company recorded net losses and impairments of approximately $ 10.5 million , $ 7.1 million and $ 2.0 million for the years ended december 31 , 2008 , 2007 and 2006 , respectively .","{""text_26"":""as a result , the company recorded net losses and impairments of approximately $ 10.5 million , $ 7.1 million and $ 2.0 million for the years ended december 31 , 2008 , 2007 and 2006 , respectively .""}","subtract(10.5, 7.1), divide(#0, 7.1)",0.47887,"{""Distilled BGE"":8,""Frozen BGE"":10,""Hard-label BGE"":2,""Qwen teacher"":6}"
71,qwen_teacher::DRE/2008/page_46.pdf-1,Qwen teacher,DRE/2008/page_46.pdf-1,DRE/2008/page_46.pdf,ambiguous annotation,"Two gold prose items are unrelated to EPS; the denominator row also fell to rank 8, making the target heavily annotation-contaminated.",what is the net income per common share in 2008?,4,27,1,"{""pre-text-3"":16,""pre-text-5"":27,""table-row-1"":1,""table-row-4"":8}",table-row-4|pre-text-3|pre-text-5,table-row-1,"table-row-1 [table]: basic net income available for common shareholders | 2008: $ 56616 | 2007: $ 217692 | 2006: $ 145095 || table-row-4 [table]: weighted average number of common shares outstanding | 2008: 146915 | 2007: 139255 | 2006: 134883 || pre-text-3 [pre_text]: unbilled receivables on construction contracts totaled $ 22.7 million and $ 33.1 million at december 31 , 2008 and 2007 , respectively . || pre-text-5 [pre_text]: the specific timing of the sale is measured against various criteria in sfas 66 related to the terms of the transactions and any continuing involvement in the form of management or financial assistance from the seller associated with the properties .","1. table-row-1 [table] [GOLD]: basic net income available for common shareholders | 2008: $ 56616 | 2007: $ 217692 | 2006: $ 145095 || 2. table-row-3 [table]: diluted net income available for common shareholders | 2008: $ 59584 | 2007: $ 232091 | 2006: $ 159333 || 3. pre-text-12 [pre_text]: net income per common share basic net income per common share is computed by dividing net income available for common shareholders by the weighted average number of common shares outstanding for the period . || 4. table-row-2 [table]: minority interest in earnings of common unitholders | 2008: 2968 | 2007: 14399 | 2006: 14238 || 5. pre-text-13 [pre_text]: diluted net income per common share is computed by dividing the sum of net income available for common shareholders and the minority interest in earnings allocable to units not owned by us , by the sum of the weighted average number of common shares outstanding and minority units outstanding , including any potential dilutive securities for the period .","{""table_1"":""the basic net income available for common shareholders of 2008 is $ 56616 ; the basic net income available for common shareholders of 2007 is $ 217692 ; the basic net income available for common shareholders of 2006 is $ 145095 ;"",""table_4"":""the weighted average number of common shares outstanding of 2008 is 146915 ; the weighted average number of common shares outstanding of 2007 is 139255 ; the weighted average number of common shares outstanding of 2006 is 134883 ;"",""text_3"":""unbilled receivables on construction contracts totaled $ 22.7 million and $ 33.1 million at december 31 , 2008 and 2007 , respectively ."",""text_5"":""the specific timing of the sale is measured against various criteria in sfas 66 related to the terms of the transactions and any continuing involvement in the form of management or financial assistance from the seller associated with the properties .""}","divide(56616, 146915)",0.38537,"{""Distilled BGE"":2,""Frozen BGE"":2,""Hard-label BGE"":2,""Qwen teacher"":1}"
72,qwen_teacher::DRE/2007/page_56.pdf-2,Qwen teacher,DRE/2007/page_56.pdf-2,DRE/2007/page_56.pdf,ambiguous annotation,The property-sale prose is unrelated to EPS; teacher also placed the denominator table row at rank 7.,what is the net income per common share for the year 2007?,3,26,1,"{""pre-text-2"":18,""table-row-1"":1,""table-row-4"":7}",table-row-4|pre-text-2,table-row-1,table-row-1 [table]: basic net income available for common shareholders | 2007: $ 217692 | 2006: $ 145095 | 2005: $ 309183 || table-row-4 [table]: weighted average number of common shares outstanding | 2007: 139255 | 2006: 134883 | 2005: 141508 || pre-text-2 [pre_text]: gains from sales of depreciated property are included in discontinued operations and the proceeds from the sale of these held-for-rental properties are classified in the investing activities section of the consolidated statements of cash flows .,"1. table-row-1 [table] [GOLD]: basic net income available for common shareholders | 2007: $ 217692 | 2006: $ 145095 | 2005: $ 309183 || 2. table-row-3 [table]: diluted net income available for common shareholders | 2007: $ 232091 | 2006: $ 159333 | 2005: $ 338832 || 3. pre-text-5 [pre_text]: net income per common share basic net income per common share is computed by dividing net income available for common shareholders by the weighted average number of common shares outstanding for the period . || 4. pre-text-6 [pre_text]: diluted net income per common share is computed by dividing the sum of net income available for common shareholders and the minority interest in earnings allocable to units not owned by us , by the sum of the weighted average number of common shares outstanding and minority units outstanding , including any dilutive potential common equivalents for the period . || 5. table-row-2 [table]: minority interest in earnings of common unitholders | 2007: 14399 | 2006: 14238 | 2005: 29649","{""table_1"":""the basic net income available for common shareholders of 2007 is $ 217692 ; the basic net income available for common shareholders of 2006 is $ 145095 ; the basic net income available for common shareholders of 2005 is $ 309183 ;"",""table_4"":""the weighted average number of common shares outstanding of 2007 is 139255 ; the weighted average number of common shares outstanding of 2006 is 134883 ; the weighted average number of common shares outstanding of 2005 is 141508 ;"",""text_2"":""gains from sales of depreciated property are included in discontinued operations and the proceeds from the sale of these held-for-rental properties are classified in the investing activities section of the consolidated statements of cash flows .""}","divide(217692, 139255)",1.56326,"{""Distilled BGE"":2,""Frozen BGE"":2,""Hard-label BGE"":2,""Qwen teacher"":1}"
73,qwen_teacher::ETFC/2012/page_24.pdf-1,Qwen teacher,ETFC/2012/page_24.pdf-1,ETFC/2012/page_24.pdf,ambiguous annotation,The debt-service liquidity paragraph is unrelated; teacher retrieved both square-footage facts at ranks 1-2.,"as of december 2012 what is the percent of the square footage not leased to the total square footage in alpharetta , georgia",3,28,1,"{""pre-text-14"":1,""pre-text-9"":26,""table-row-1"":2}",pre-text-9,table-row-1|pre-text-14,"table-row-1 [table]: alpharetta georgia | approximate square footage: 254000 || pre-text-9 [pre_text]: if our cash flows and available cash are insufficient to meet our debt service obligations , we could face substantial liquidity problems and might be required to dispose of material assets or operations to meet our debt service and other obligations . || pre-text-14 [pre_text]: all facilities are leased , except for 165000 square feet of our office in alpharetta , georgia .","1. pre-text-14 [pre_text] [GOLD]: all facilities are leased , except for 165000 square feet of our office in alpharetta , georgia . || 2. table-row-1 [table] [GOLD]: alpharetta georgia | approximate square footage: 254000 || 3. post-text-1 [post_text]: all other leased facilities with space of less than 25000 square feet are not listed by location . || 4. pre-text-15 [pre_text]: square footage amounts are net of space that has been sublet or part of a facility restructuring. . || 5. pre-text-13 [pre_text]: properties a summary of our significant locations at december 31 , 2012 is shown in the following table .","{""table_1"":""location the alpharetta georgia of approximate square footage is 254000 ;"",""text_14"":""all facilities are leased , except for 165000 square feet of our office in alpharetta , georgia ."",""text_9"":""if our cash flows and available cash are insufficient to meet our debt service obligations , we could face substantial liquidity problems and might be required to dispose of material assets or operations to meet our debt service and other obligations .""}","divide(165000, 254000)",0.64961,"{""Distilled BGE"":1,""Frozen BGE"":1,""Hard-label BGE"":1,""Qwen teacher"":1}"
74,qwen_teacher::CDW/2015/page_93.pdf-3,Qwen teacher,CDW/2015/page_93.pdf-3,CDW/2015/page_93.pdf,ambiguous annotation,The treasury-stock-method footnote is not needed once 171.8 and 0.4 are retrieved at ranks 1-2.,"if the anti-dilutive common shares were not excluded from the diluted weighted-average shares outstanding for the year ended december 31 , 2015 , what would the total diluted weighted-average shares outstanding be , in millions?",3,30,1,"{""post-text-4"":6,""post-text-5"":1,""table-row-3"":2}",post-text-4,table-row-3|post-text-5,"table-row-3 [table]: diluted weighted-average shares outstanding ( 3 ) | years ended december 31 , 2015: 171.8 | years ended december 31 , 2014: 172.8 | years ended december 31 , 2013 ( 1 ): 158.7 || post-text-4 [post_text]: ( 2 ) the dilutive effect of outstanding stock options , restricted stock units , restricted stock , coworker stock purchase plan units and mpk plan units is reflected in the diluted weighted-average shares outstanding using the treasury stock method . || post-text-5 [post_text]: ( 3 ) there were 0.4 million potential common shares excluded from the diluted weighted-average shares outstanding for the year ended december 31 , 2015 , and there was an insignificant amount of potential common shares excluded from the diluted weighted-average shares outstanding for the years ended december 31 , 2014 and 2013 , as their inclusion would have had an anti-dilutive effect .","1. post-text-5 [post_text] [GOLD]: ( 3 ) there were 0.4 million potential common shares excluded from the diluted weighted-average shares outstanding for the year ended december 31 , 2015 , and there was an insignificant amount of potential common shares excluded from the diluted weighted-average shares outstanding for the years ended december 31 , 2014 and 2013 , as their inclusion would have had an anti-dilutive effect . || 2. table-row-3 [table] [GOLD]: diluted weighted-average shares outstanding ( 3 ) | years ended december 31 , 2015: 171.8 | years ended december 31 , 2014: 172.8 | years ended december 31 , 2013 ( 1 ): 158.7 || 3. post-text-0 [post_text]: effect of dilutive securities ( 2 ) 1.5 2.2 2.1 diluted weighted-average shares outstanding ( 3 ) 171.8 172.8 158.7 ( 1 ) the 2013 basic weighted-average shares outstanding was impacted by common stock issued during the ipo and the underwriters 2019 exercise in full of the overallotment option granted to them in connection with the ipo . || 4. table-row-1 [table]: basic weighted-average shares outstanding | years ended december 31 , 2015: 170.3 | years ended december 31 , 2014: 170.6 | years ended december 31 , 2013 ( 1 ): 156.6 || 5. table-row-2 [table]: effect of dilutive securities ( 2 ) | years ended december 31 , 2015: 1.5 | years ended december 31 , 2014: 2.2 | years ended december 31 , 2013 ( 1 ): 2.1","{""table_3"":""( in millions ) the diluted weighted-average shares outstanding ( 3 ) of years ended december 31 , 2015 is 171.8 ; the diluted weighted-average shares outstanding ( 3 ) of years ended december 31 , 2014 is 172.8 ; the diluted weighted-average shares outstanding ( 3 ) of years ended december 31 , 2013 ( 1 ) is 158.7 ;"",""text_14"":""( 2 ) the dilutive effect of outstanding stock options , restricted stock units , restricted stock , coworker stock purchase plan units and mpk plan units is reflected in the diluted weighted-average shares outstanding using the treasury stock method ."",""text_15"":""( 3 ) there were 0.4 million potential common shares excluded from the diluted weighted-average shares outstanding for the year ended december 31 , 2015 , and there was an insignificant amount of potential common shares excluded from the diluted weighted-average shares outstanding for the years ended december 31 , 2014 and 2013 , as their inclusion would have had an anti-dilutive effect .""}","add(171.8, 0.4)",172.2,"{""Distilled BGE"":1,""Frozen BGE"":1,""Hard-label BGE"":1,""Qwen teacher"":1}"
75,qwen_teacher::TFX/2017/page_78.pdf-3,Qwen teacher,TFX/2017/page_78.pdf-3,TFX/2017/page_78.pdf,ambiguous annotation,The principal-accounting-fees annotation is unrelated; teacher retrieved the only relevant equity-plan table row at rank 3.,"if the remaining securities would be use or exercised at $ 113.49 , what would cost be for the company?",2,28,3,"{""pre-text-12"":17,""table-row-1"":3}",pre-text-12,table-row-1,"pre-text-12 [pre_text]: principal accounting fees and services for the information required by this item a014 , see 201caudit and non-audit fees 201d and 201caudit committee pre-approval procedures 201d in the proxy statement for our 2018 annual meeting , which information is incorporated herein by reference. . || table-row-1 [table]: equity compensation plans approved by security holders | number of securitiesto be issued uponexercise ofoutstanding options warrants and rights ( a ) ( b ): 1708928 | weighted-averageexercise price ofoutstanding options warrants and rights: $ 113.49 | number of securitiesremaining available forfuture issuance underequity compensationplans ( excludingsecurities reflected in column ( a ) ) ( c ): 3629455","1. pre-text-9 [pre_text]: the following table sets forth certain information as of december a031 , 2017 regarding our equity plans : plan category number of securities to be issued upon exercise of outstanding options , warrants and rights weighted-average exercise price of outstanding options , warrants and rights number of securities remaining available for future issuance under equity compensation plans ( excluding securities reflected in column ( a ) ( b ) ( c ) equity compensation plans approved by security holders 1708928 $ 113.49 3629455 item a013 . || 2. post-text-9 [post_text]: the following table sets forth certain information as of december a031 , 2017 regarding our equity plans : plan category number of securities to be issued upon exercise of outstanding options , warrants and rights weighted-average exercise price of outstanding options , warrants and rights number of securities remaining available for future issuance under equity compensation plans ( excluding securities reflected in column ( a ) ( b ) ( c ) equity compensation plans approved by security holders 1708928 $ 113.49 3629455 item a013 . || 3. table-row-1 [table] [GOLD]: equity compensation plans approved by security holders | number of securitiesto be issued uponexercise ofoutstanding options warrants and rights ( a ) ( b ): 1708928 | weighted-averageexercise price ofoutstanding options warrants and rights: $ 113.49 | number of securitiesremaining available forfuture issuance underequity compensationplans ( excludingsecurities reflected in column ( a ) ) ( c ): 3629455 || 4. table-row-0 [table]: plan category | number of securitiesto be issued uponexercise ofoutstanding options warrants and rights ( a ) ( b ) | weighted-averageexercise price ofoutstanding options warrants and rights | number of securitiesremaining available forfuture issuance underequity compensationplans ( excludingsecurities reflected in column ( a ) ) ( c ) || 5. pre-text-11 [pre_text]: item a014 .","{""table_1"":""plan category the equity compensation plans approved by security holders of number of securitiesto be issued uponexercise ofoutstanding options warrants and rights ( a ) ( b ) is 1708928 ; the equity compensation plans approved by security holders of weighted-averageexercise price ofoutstanding options warrants and rights is $ 113.49 ; the equity compensation plans approved by security holders of number of securitiesremaining available forfuture issuance underequity compensationplans ( excludingsecurities reflected in column ( a ) ) ( c ) is 3629455 ;"",""text_12"":""principal accounting fees and services for the information required by this item a014 , see 201caudit and non-audit fees 201d and 201caudit committee pre-approval procedures 201d in the proxy statement for our 2018 annual meeting , which information is incorporated herein by reference. .""}","multiply(113.49, 3629455)",411906847.95,"{""Distilled BGE"":3,""Frozen BGE"":1,""Hard-label BGE"":1,""Qwen teacher"":3}"
76,qwen_teacher::ETR/2008/page_298.pdf-4,Qwen teacher,ETR/2008/page_298.pdf-4,ETR/2008/page_298.pdf,ambiguous annotation,The capital-needs sentence is unrelated; the numeric money-pool row was retrieved at rank 5.,what is the percent change in receivables from the money pool between 2007 and 2008?,2,24,5,"{""pre-text-5"":22,""table-row-2"":5}",pre-text-5,table-row-2,table-row-2 [table]: $ 11589 | 2007: $ 55509 | 2006: $ 75048 | 2005: $ 64011 || pre-text-5 [pre_text]: entergy gulf states louisiana has sufficient capacity under these tests to meet its foreseeable capital needs .,1. post-text-0 [post_text]: see note 4 to the financial statements for a description of the money pool . || 2. pre-text-9 [pre_text]: entergy gulf states louisiana's receivables from or ( payables to ) the money pool were as follows as of december 31 for each of the following years: . || 3. table-row-0 [table]: 2008 | 2007 | 2006 | 2005 || 4. table-row-1 [table]: ( in thousands ) | 2007: ( in thousands ) | 2006: ( in thousands ) | 2005: ( in thousands ) || 5. table-row-2 [table] [GOLD]: $ 11589 | 2007: $ 55509 | 2006: $ 75048 | 2005: $ 64011,"{""table_2"":""2008 the $ 11589 of 2007 is $ 55509 ; the $ 11589 of 2006 is $ 75048 ; the $ 11589 of 2005 is $ 64011 ;"",""text_5"":""entergy gulf states louisiana has sufficient capacity under these tests to meet its foreseeable capital needs .""}","subtract(11589, 55509), divide(#0, 55509)",-0.79122,"{""Distilled BGE"":4,""Frozen BGE"":2,""Hard-label BGE"":2,""Qwen teacher"":5}"
77,qwen_teacher::AWK/2014/page_121.pdf-1,Qwen teacher,AWK/2014/page_121.pdf-1,AWK/2014/page_121.pdf,excessive lexical matching,Three unrelated tax and carryforward passages occupied ranks 1-3; teacher retrieved only the decrease component at rank 4 and missed the increase plus interest.,what was the net change in tax positions in 2014,3,33,4,"{""post-text-0"":8,""table-row-4"":7,""table-row-5"":4}",table-row-4|post-text-0,table-row-5,"table-row-4 [table]: increases in current period tax positions | $ 180993: 53818 || table-row-5 [table]: decreases in prior period measurement of tax positions | $ 180993: -36528 ( 36528 ) || post-text-0 [post_text]: the total balance in the table above does not include interest and penalties of $ 157 and $ 242 as of december 31 , 2014 and 2013 , respectively , which is recorded as a component of income tax expense .","1. pre-text-22 [pre_text]: the acts effectively make the subsidy payments taxable in tax years beginning after december 31 , 2012 and as a result , the company followed its original accounting for the underfunded status of the other postretirement benefits for the medicare part d adjustment and recorded a reduction in deferred tax assets and an increase in its regulatory assets amounting to $ 6348 and $ 6241 at december 31 , 2014 and 2013 , respectively . || 2. pre-text-11 [pre_text]: the company had capital loss carryforwards for federal income tax purposes of $ 3844 at december 31 , 2014 and 2013 . || 3. pre-text-8 [pre_text]: at december 31 , 2014 and 2013 , the company had canadian nol carryforwards of $ 6498 and $ 6323 , respectively . || 4. table-row-5 [table] [GOLD]: decreases in prior period measurement of tax positions | $ 180993: -36528 ( 36528 ) || 5. table-row-2 [table]: decreases in prior period measurement of tax positions | $ 180993: -30275 ( 30275 )","{""table_4"":""balance at january 1 2013 the increases in current period tax positions of $ 180993 is 53818 ;"",""table_5"":""balance at january 1 2013 the decreases in prior period measurement of tax positions of $ 180993 is -36528 ( 36528 ) ;"",""text_24"":""the total balance in the table above does not include interest and penalties of $ 157 and $ 242 as of december 31 , 2014 and 2013 , respectively , which is recorded as a component of income tax expense .""}","add(53818, -36528), add(#0, 157)",17447,"{""Distilled BGE"":2,""Frozen BGE"":3,""Hard-label BGE"":3,""Qwen teacher"":4}"
78,qwen_teacher::MSI/2012/page_87.pdf-4,Qwen teacher,MSI/2012/page_87.pdf-4,MSI/2012/page_87.pdf,ambiguous annotation,Matching-contribution and dividend-yield annotations are unrelated to employee share purchases; the exact purchase sentence ranked first.,what was the percent change in number of shares purchased by employees between 2010 and 2011,3,33,1,"{""pre-text-17"":1,""pre-text-3"":12,""table-row-3"":3}",pre-text-3,table-row-3|pre-text-17,"pre-text-3 [pre_text]: after temporarily suspending all matching contributions , effective july 1 , 2010 , the company reinstated matching contributions and provides a dollar for dollar ( 100% ( 100 % ) ) match on the first 4% ( 4 % ) of employee contributions . || table-row-3 [table]: dividend yield | 2012: 2.2% ( 2.2 % ) | 2011: 0.0% ( 0.0 % ) | 2010: 0.0% ( 0.0 % ) || pre-text-17 [pre_text]: for the years ended december 31 , 2012 , 2011 and 2010 , employees purchased 1.4 million , 2.2 million and 2.7 million shares , respectively , at purchase prices of $ 34.52 and $ 42.96 , $ 30.56 and $ 35.61 , and $ 41.79 and $ 42.00 , respectively .","1. pre-text-17 [pre_text] [GOLD]: for the years ended december 31 , 2012 , 2011 and 2010 , employees purchased 1.4 million , 2.2 million and 2.7 million shares , respectively , at purchase prices of $ 34.52 and $ 42.96 , $ 30.56 and $ 35.61 , and $ 41.79 and $ 42.00 , respectively . || 2. table-row-0 [table]: | 2012 | 2011 | 2010 || 3. table-row-3 [table] [GOLD]: dividend yield | 2012: 2.2% ( 2.2 % ) | 2011: 0.0% ( 0.0 % ) | 2010: 0.0% ( 0.0 % ) || 4. pre-text-9 [pre_text]: share-based compensation plans and other incentive plans stock options , stock appreciation rights and employee stock purchase plan the company grants options to acquire shares of common stock to certain employees and to existing option holders of acquired companies in connection with the merging of option plans following an acquisition . || 5. table-row-1 [table]: expected volatility | 2012: 24.0% ( 24.0 % ) | 2011: 28.8% ( 28.8 % ) | 2010: 41.7% ( 41.7 % )","{""table_3"":""the dividend yield of 2012 is 2.2% ( 2.2 % ) ; the dividend yield of 2011 is 0.0% ( 0.0 % ) ; the dividend yield of 2010 is 0.0% ( 0.0 % ) ;"",""text_17"":""for the years ended december 31 , 2012 , 2011 and 2010 , employees purchased 1.4 million , 2.2 million and 2.7 million shares , respectively , at purchase prices of $ 34.52 and $ 42.96 , $ 30.56 and $ 35.61 , and $ 41.79 and $ 42.00 , respectively ."",""text_3"":""after temporarily suspending all matching contributions , effective july 1 , 2010 , the company reinstated matching contributions and provides a dollar for dollar ( 100% ( 100 % ) ) match on the first 4% ( 4 % ) of employee contributions .""}","subtract(2.2, 2.7), divide(#0, 2.7)",-0.18519,"{""Distilled BGE"":1,""Frozen BGE"":1,""Hard-label BGE"":1,""Qwen teacher"":1}"
79,qwen_teacher::IPG/2006/page_77.pdf-4,Qwen teacher,IPG/2006/page_77.pdf-4,IPG/2006/page_77.pdf,ambiguous annotation,The question and program mix floating-rate-note prose with overall 2010/2011 debt-maturity rows and an irrelevant participation-payment annotation.,what percent increase in long-term debt did the floating rate notes maturing in 2010?,4,27,1,"{""post-text-5"":1,""post-text-6"":4,""table-row-3"":7,""table-row-4"":23}",table-row-3|table-row-4,post-text-5|post-text-6,"table-row-3 [table]: 2010 | $ 2.6: 240.9 || table-row-4 [table]: 2011 | $ 2.6: 500.0 || post-text-5 [post_text]: the new floating rate notes mature on november 15 , 2010 and bear interest at a per annum rate equal to three-month libor plus 200 basis points , 125 basis points less than the interest rate on the old floating rate notes . || post-text-6 [post_text]: in connection with the exchange , we made an early participation payment of $ 41.25 ( actual amount ) in cash per $ 1000 ( actual amount ) principal amount of old floating rate notes for a total payment of $ 10.3 .","1. post-text-5 [post_text] [GOLD]: the new floating rate notes mature on november 15 , 2010 and bear interest at a per annum rate equal to three-month libor plus 200 basis points , 125 basis points less than the interest rate on the old floating rate notes . || 2. post-text-4 [post_text]: floating rate senior unsecured notes in december 2006 , we exchanged all of our $ 250.0 floating rate notes due 2008 for $ 250.0 aggregate principal amount floating rate notes due 2010 . || 3. table-row-6 [table]: total long-term debt | $ 2.6: $ 2251.2 || 4. post-text-6 [post_text] [GOLD]: in connection with the exchange , we made an early participation payment of $ 41.25 ( actual amount ) in cash per $ 1000 ( actual amount ) principal amount of old floating rate notes for a total payment of $ 10.3 . || 5. post-text-9 [post_text]: the new floating rate notes are reflected on our consolidated balance sheet net of the $ 10.3 early participation payment , which is amortized over the life of the new floating rate notes as a discount , using an effective interest method , and recorded in interest expense .","{""table_3"":""2007 the 2010 of $ 2.6 is 240.9 ;"",""table_4"":""2007 the 2011 of $ 2.6 is 500.0 ;"",""text_6"":""the new floating rate notes mature on november 15 , 2010 and bear interest at a per annum rate equal to three-month libor plus 200 basis points , 125 basis points less than the interest rate on the old floating rate notes ."",""text_7"":""in connection with the exchange , we made an early participation payment of $ 41.25 ( actual amount ) in cash per $ 1000 ( actual amount ) principal amount of old floating rate notes for a total payment of $ 10.3 .""}","subtract(500.0, 240.9), divide(#0, 240.9)",1.07555,"{""Distilled BGE"":1,""Frozen BGE"":2,""Hard-label BGE"":1,""Qwen teacher"":1}"
80,qwen_teacher::IPG/2006/page_77.pdf-3,Qwen teacher,IPG/2006/page_77.pdf-3,IPG/2006/page_77.pdf,ambiguous annotation,The duplicate question and program mix floating-rate-note prose with overall 2010/2011 debt-maturity rows and an irrelevant participation-payment annotation.,what percent increase in long-term debt did the floating rate notes maturing in 2010?,4,27,1,"{""post-text-5"":1,""post-text-6"":4,""table-row-3"":7,""table-row-4"":23}",table-row-3|table-row-4,post-text-5|post-text-6,"table-row-3 [table]: 2010 | $ 2.6: 240.9 || table-row-4 [table]: 2011 | $ 2.6: 500.0 || post-text-5 [post_text]: the new floating rate notes mature on november 15 , 2010 and bear interest at a per annum rate equal to three-month libor plus 200 basis points , 125 basis points less than the interest rate on the old floating rate notes . || post-text-6 [post_text]: in connection with the exchange , we made an early participation payment of $ 41.25 ( actual amount ) in cash per $ 1000 ( actual amount ) principal amount of old floating rate notes for a total payment of $ 10.3 .","1. post-text-5 [post_text] [GOLD]: the new floating rate notes mature on november 15 , 2010 and bear interest at a per annum rate equal to three-month libor plus 200 basis points , 125 basis points less than the interest rate on the old floating rate notes . || 2. post-text-4 [post_text]: floating rate senior unsecured notes in december 2006 , we exchanged all of our $ 250.0 floating rate notes due 2008 for $ 250.0 aggregate principal amount floating rate notes due 2010 . || 3. table-row-6 [table]: total long-term debt | $ 2.6: $ 2251.2 || 4. post-text-6 [post_text] [GOLD]: in connection with the exchange , we made an early participation payment of $ 41.25 ( actual amount ) in cash per $ 1000 ( actual amount ) principal amount of old floating rate notes for a total payment of $ 10.3 . || 5. post-text-9 [post_text]: the new floating rate notes are reflected on our consolidated balance sheet net of the $ 10.3 early participation payment , which is amortized over the life of the new floating rate notes as a discount , using an effective interest method , and recorded in interest expense .","{""table_3"":""2007 the 2010 of $ 2.6 is 240.9 ;"",""table_4"":""2007 the 2011 of $ 2.6 is 500.0 ;"",""text_6"":""the new floating rate notes mature on november 15 , 2010 and bear interest at a per annum rate equal to three-month libor plus 200 basis points , 125 basis points less than the interest rate on the old floating rate notes ."",""text_7"":""in connection with the exchange , we made an early participation payment of $ 41.25 ( actual amount ) in cash per $ 1000 ( actual amount ) principal amount of old floating rate notes for a total payment of $ 10.3 .""}","subtract(500.0, 240.9), divide(#0, 240.9)",1.07555,"{""Distilled BGE"":1,""Frozen BGE"":2,""Hard-label BGE"":1,""Qwen teacher"":1}"
